Id конкурса;Обр. программы;Комментарий к конкурсу;Код НПС/УГСН;НПС/УГСН
22212;8200 - Математика и компьютерные науки;26\5001\1 ГБ очн Математика и компьютерные науки, ОсК;1.02.03.01;мм
22213;8200 - Математика и компьютерные науки;26\5001\1 ГБ очн Математика и компьютерные науки, Б;1.02.03.01;мм
22214;8200 - Математика и компьютерные науки;26\5001\1 ИН ДОГ очн Математика и компьютерные науки, ДОГ;1.02.03.01;мм
22215;8203 - Программирование и информационные технологии;26\5003\1 ГБ очн Программирование и информационные технологии, ОтК;1.02.03.02;пмпу
22216;8200 - Математика и компьютерные науки;26\5001\1 ГБ очн Математика и компьютерные науки, ОтК;1.02.03.01;мм
22217;8200 - Математика и компьютерные науки;26\5001\1 ДОГ очн Математика и компьютерные науки, ДОГ;1.02.03.01;мм
22218;8203 - Программирование и информационные технологии;26\5003\1 ГБ очн Программирование и информационные технологии, Б;1.02.03.02;пмпу
22219;8203 - Программирование и информационные технологии;26\5003\1 ГБ очн Программирование и информационные технологии, ОсК;1.02.03.02;пмпу
22220;8208 - Астрономия;26\5012\1 ГБ очн Астрономия, Б;1.03.05.01;мм
22221;8203 - Программирование и информационные технологии;26\5003\1 ИН ДОГ очн Программирование и информационные технологии, ДОГ;1.02.03.02;пмпу
22222;8214 - Картография и геоинформатика;26\5020\1 ГБ очн Картография и геоинформатика, ОсК;1.05.03.03;иноз
22223;8231 - Психология;26\5028\1 ГБ очн Психология, ОтК;5.37.03.01;психфак
22224;8219 - Почвоведение;26\5022\1 ГБ очн Почвоведение, ОтК;1.06.03.02;иноз
22225;8214 - Картография и геоинформатика;26\5020\1 ГБ очн Картография и геоинформатика, Б;1.05.03.03;иноз
22226;8252 - Политология;26\5027\1 ГБ очн Политология, Б;5.41.03.04;политфак
22227;8212 - Геология;26\5018\1 ИН ДОГ очн Геология, ДОГ;1.05.03.01;иноз
22228;8214 - Картография и геоинформатика;26\5020\1 ИН ДОГ очн Картография и геоинформатика, ДОГ;1.05.03.03;иноз
22229;8252 - Политология;26\5027\1 ГБ очн Политология, ОтК;5.41.03.04;политфак
22230;8215 - Гидрометеорология;26\5021\1 ГБ очн Гидрометеорология, Б;1.05.03.04;иноз
22231;8219 - Почвоведение;26\5022\1 ИН ДОГ очн Почвоведение, ДОГ;1.06.03.02;иноз
22232;8216 - Экология и природопользование;26\5024\1 ГБ очн Экология и природопользование, ОсК;1.05.03.06;иноз
22233;8208 - Астрономия;26\5012\1 ИН ДОГ очн Астрономия, ДОГ;1.03.05.01;мм
22234;8216 - Экология и природопользование;26\5024\1 ИН ДОГ очн Экология и природопользование, ДОГ;1.05.03.06;иноз
22235;8212 - Геология;26\5018\1 ГБ очн Геология, Б;1.05.03.01;иноз
22236;8216 - Экология и природопользование;26\5024\1 ГБ очн Экология и природопользование, Б;1.05.03.06;иноз
22237;8252 - Политология;26\5027\1 ГБ очн Политология, ОсК;5.41.03.04;политфак
22238;8212 - Геология;26\5018\1 ГБ очн Геология, ОсК;1.05.03.01;иноз
22239;8215 - Гидрометеорология;26\5021\1 ГБ очн Гидрометеорология, ОтК;1.05.03.04;иноз
22240;8216 - Экология и природопользование;26\5024\1 ГБ очн Экология и природопользование, ОтК;1.05.03.06;иноз
22241;8208 - Астрономия;26\5012\1 ГБ очн Астрономия, ОтК;1.03.05.01;мм
22242;8215 - Гидрометеорология;26\5021\1 ДОГ очн Гидрометеорология, ДОГ;1.05.03.04;иноз
22243;8203 - Программирование и информационные технологии;26\5003\1 ДОГ очн Программирование и информационные технологии, ДОГ;1.02.03.02;пмпу
22244;8219 - Почвоведение;26\5022\1 ГБ очн Почвоведение, Б;1.06.03.02;иноз
22245;8212 - Геология;26\5018\1 ДОГ очн Геология, ДОГ;1.05.03.01;иноз
22246;8215 - Гидрометеорология;26\5021\1 ИН ДОГ очн Гидрометеорология, ДОГ;1.05.03.04;иноз
22247;8214 - Картография и геоинформатика;26\5020\1 ГБ очн Картография и геоинформатика, ОтК;1.05.03.03;иноз
22248;8214 - Картография и геоинформатика;26\5020\1 ДОГ очн Картография и геоинформатика, ДОГ;1.05.03.03;иноз
22249;8212 - Геология;26\5018\1 ГБ очн Геология, ОтК;1.05.03.01;иноз
22250;8252 - Политология;26\5027\1 ИН ДОГ очн Политология, ДОГ;5.41.03.04;политфак
22251;8208 - Астрономия;26\5012\1 ГБ очн Астрономия, ОсК;1.03.05.01;мм
22252;8216 - Экология и природопользование;26\5024\1 ДОГ очн Экология и природопользование, ДОГ;1.05.03.06;иноз
22253;8208 - Астрономия;26\5012\1 ДОГ очн Астрономия, ДОГ;1.03.05.01;мм
22254;8252 - Политология;26\5027\1 ДОГ очн Политология, ДОГ;5.41.03.04;политфак
22255;8219 - Почвоведение;26\5022\1 ГБ очн Почвоведение, ОсК;1.06.03.02;иноз
22256;8219 - Почвоведение;26\5022\1 ДОГ очн Почвоведение, ДОГ;1.06.03.02;иноз
22257;8215 - Гидрометеорология;26\5021\1 ГБ очн Гидрометеорология, ОсК;1.05.03.04;иноз
22258;8231 - Психология;26\5028\1 ГБ очн Психология, Б;5.37.03.01;психфак
22259;8226 - Лечебное дело;26\5058\1 ИН ДОГ очн Лечебное дело, ДОГ;3.31.05.01;мед
22260;8232 - Клиническая психология;26\5029\1 ИН ДОГ очн Клиническая психология, ДОГ;5.37.05.01;психфак
22261;8226 - Лечебное дело;26\5058\1 ГБ очн Лечебное дело, ОтК;3.31.05.01;мед
22262;8228 - Стоматология;26\5059\1 ГБ очн Стоматология, ОсК;3.31.05.03;мед
22263;8231 - Психология;26\5028\1 ДОГ очн Психология, ДОГ;5.37.03.01;психфак
22264;8231 - Психология;26\5028\1 ИН ДОГ очн Психология, ДОГ;5.37.03.01;психфак
22265;8235 - Экономика;26\5068\1 ГБ очн Экономика, ОтК;5.38.03.01;экфак
22266;8232 - Клиническая психология;26\5029\1 ГБ очн Клиническая психология, Б;5.37.05.01;психфак
22267;8228 - Стоматология;26\5059\1 ГБ очн Стоматология, ОтК;3.31.05.03;мед
22268;8247 - Юриспруденция;26\5031\1 ГБ очн Юриспруденция, ОтК;5.40.03.01;юрфак
22269;8228 - Стоматология;26\5059\1 ИН ДОГ очн Стоматология, ДОГ;3.31.05.03;мед
22270;8228 - Стоматология;26\5059\1 ГБ очн Стоматология, Б;3.31.05.03;мед
22271;8232 - Клиническая психология;26\5029\1 ГБ очн Клиническая психология, ОсК;5.37.05.01;психфак
22272;8235 - Экономика;26\5068\1 ГБ очн Экономика, Б;5.38.03.01;экфак
22273;8247 - Юриспруденция;26\5031\1 ГБ очн Юриспруденция, ОсК;5.40.03.01;юрфак
22274;8226 - Лечебное дело;26\5058\1 ДОГ очн Лечебное дело, ДОГ;3.31.05.01;мед
22275;8232 - Клиническая психология;26\5029\1 ГБ очн Клиническая психология, ОтК;5.37.05.01;психфак
22276;8247 - Юриспруденция;26\5031\1 ИН ДОГ очн Юриспруденция, ДОГ;5.40.03.01;юрфак
22277;8250 - Юриспруденция;26\5031\2 ДОГ оз на базе ВО Юриспруденция, ДОГ;5.40.03.01;юрфак
22278;8235 - Экономика;26\5068\1 ИН ДОГ очн Экономика, ДОГ;5.38.03.01;экфак
22279;8247 - Юриспруденция;26\5031\1 ГБ очн Юриспруденция, Б;5.40.03.01;юрфак
22280;8228 - Стоматология;26\5059\1 ДОГ очн Стоматология, ДОГ;3.31.05.03;мед
22281;8226 - Лечебное дело;26\5058\1 ГБ очн Лечебное дело, Б;3.31.05.01;мед
22282;8231 - Психология;26\5028\1 ГБ очн Психология, ОсК;5.37.03.01;психфак
22283;8235 - Экономика;26\5068\1 ДОГ очн Экономика, ДОГ;5.38.03.01;экфак
22284;8232 - Клиническая психология;26\5029\1 ДОГ очн Клиническая психология, ДОГ;5.37.05.01;психфак
22285;8235 - Экономика;26\5068\1 ГБ очн Экономика, ОсК;5.38.03.01;экфак
22286;8247 - Юриспруденция;26\5031\1 ДОГ очн Юриспруденция, ДОГ;5.40.03.01;юрфак
22287;8226 - Лечебное дело;26\5058\1 ГБ очн Лечебное дело, ОсК;3.31.05.01;мед
22288;8242 - Бизнес-информатика;26\5071\1 ГБ очн Бизнес-информатика, Б;5.38.03.05;БИ
22289;8241 - Государственное и муниципальное управление;26\5072\1 ДОГ очн Государственное и муниципальное управление, ДОГ;5.38.03.04;вшм
22290;8242 - Бизнес-информатика;26\5071\1 ИН ДОГ очн Бизнес-информатика, ДОГ;5.38.03.05;БИ
22291;8242 - Бизнес-информатика;26\5071\1 ГБ очн Бизнес-информатика, ОсК;5.38.03.05;БИ
22292;8242 - Бизнес-информатика;26\5071\1 ГБ очн Бизнес-информатика, ОтК;5.38.03.05;БИ
22293;8242 - Бизнес-информатика;26\5071\1 ДОГ очн Бизнес-информатика, ДОГ;5.38.03.05;БИ
22294;8241 - Государственное и муниципальное управление;26\5072\1 ГБ очн Государственное и муниципальное управление, ОтК;5.38.03.04;вшм
22295;8241 - Государственное и муниципальное управление;26\5072\1 ГБ очн Государственное и муниципальное управление, Б;5.38.03.04;вшм
22296;8241 - Государственное и муниципальное управление;26\5072\1 ГБ очн Государственное и муниципальное управление, ОсК;5.38.03.04;вшм
22297;8271 - Общая и прикладная фонетика;26\5094\1 ГБ очн Общая и прикладная фонетика, ОтК;7.45.03.02;филфак
22298;8271 - Общая и прикладная фонетика;26\5094\1 ГБ очн Общая и прикладная фонетика, ОсК;7.45.03.02;филфак
22299;8238 - Международный менеджмент;26\5087\1 ДОГ очн Международный менеджмент, ДОГ;5.38.03.02;вшм
22300;8238 - Международный менеджмент;26\5087\1 ИН ДОГ очн Международный менеджмент, ДОГ;5.38.03.02;вшм
22301;8222 - Программная инженерия;26\5080\1 ГБ очн Программная инженерия, Б;2.09.03.04;мм
22302;8237 - Экономико-математические методы;26\5104\1 ГБ очн Экономико-математические методы, ОтК;5.38.03.01;экфак
22303;8222 - Программная инженерия;26\5080\1 ДОГ очн Программная инженерия, ДОГ;2.09.03.04;мм
22304;8233 - Психология служебной деятельности;26\5084\1 ИН ДОГ очн Психология служебной деятельности, ДОГ;5.37.05.02;психфак
22305;8271 - Общая и прикладная фонетика;26\5094\1 ГБ очн Общая и прикладная фонетика, Б;7.45.03.02;филфак
22306;8233 - Психология служебной деятельности;26\5084\1 ГБ очн Психология служебной деятельности, Б;5.37.05.02;психфак
22307;8233 - Психология служебной деятельности;26\5084\1 ГБ очн Психология служебной деятельности, ОтК;5.37.05.02;психфак
22308;8233 - Психология служебной деятельности;26\5084\1 ГБ очн Психология служебной деятельности, ОсК;5.37.05.02;психфак
22309;8271 - Общая и прикладная фонетика;26\5094\1 ДОГ очн Общая и прикладная фонетика, ДОГ;7.45.03.02;филфак
22310;8222 - Программная инженерия;26\5080\1 ГБ очн Программная инженерия, ОтК;2.09.03.04;мм
22311;8222 - Программная инженерия;26\5080\1 ИН ДОГ очн Программная инженерия, ДОГ;2.09.03.04;мм
22312;8222 - Программная инженерия;26\5080\1 ГБ очн Программная инженерия, ОсК;2.09.03.04;мм
22313;8237 - Экономико-математические методы;26\5104\1 ГБ очн Экономико-математические методы, Б;5.38.03.01;экфак
22314;8233 - Психология служебной деятельности;26\5084\1 ДОГ очн Психология служебной деятельности, ДОГ;5.37.05.02;психфак
22315;8236 - Экономика (с углубленным изучением экономики Китая и китайского языка);26\5111\1 ГБ очн Экономика (с углубленным изучением экономики Китая и китайского языка), Б;5.38.03.01;экфак
22316;8220 - Искусственный интеллект и наука о данных;26\5212\1 ДОГ очн Искусственный интеллект и наука о данных, ДОГ;2.09.03.03;мм
22317;8202 - Большие данные и распределенная цифровая платформа;26\5190\1 ГБ очн Большие данные и распределенная цифровая платформа, Б;1.02.03.02;пмпу
22318;8202 - Большие данные и распределенная цифровая платформа;26\5190\1 ИН ДОГ очн Большие данные и распределенная цифровая платформа, ДОГ;1.02.03.02;пмпу
22319;8237 - Экономико-математические методы;26\5104\1 ГБ очн Экономико-математические методы, ОсК;5.38.03.01;экфак
22320;8274 - Сравнительно-историческое языкознание (английский язык);26\5195\1 ГБ очн Сравнительно-историческое языкознание (английский язык), Б;7.45.03.02;филфак
22321;8272 - Прикладная, компьютерная и математическая лингвистика (английский язык);26\5106\1 ГБ очн Прикладная, компьютерная и математическая лингвистика (английский язык), ОтК;7.45.03.02;филфак
22322;8213 - География (с дополнительной квалификацией «Учитель географии»);26\5236\1 ГБ очн География, ОтК;1.05.03.02;иноз
22323;8272 - Прикладная, компьютерная и математическая лингвистика (английский язык);26\5106\1 ДОГ очн Прикладная, компьютерная и математическая лингвистика (английский язык), ДОГ;7.45.03.02;филфак
22324;8272 - Прикладная, компьютерная и математическая лингвистика (английский язык);26\5106\1 ГБ очн Прикладная, компьютерная и математическая лингвистика (английский язык), Б;7.45.03.02;филфак
22325;8204 - Технологии программирования;26\5162\1 ГБ очн Технологии программирования, ОсК;1.02.03.03;мм
22326;8202 - Большие данные и распределенная цифровая платформа;26\5190\1 ДОГ очн Большие данные и распределенная цифровая платформа, ДОГ;1.02.03.02;пмпу
22327;8202 - Большие данные и распределенная цифровая платформа;26\5190\1 ГБ очн Большие данные и распределенная цифровая платформа, ОсК;1.02.03.02;пмпу
22328;8237 - Экономико-математические методы;26\5104\1 ИН ДОГ очн Экономико-математические методы, ДОГ;5.38.03.01;экфак
22329;8213 - География (с дополнительной квалификацией «Учитель географии»);26\5236\1 ГБ очн География, Б;1.05.03.02;иноз
22330;8204 - Технологии программирования;26\5162\1 ИН ДОГ очн Технологии программирования, ДОГ;1.02.03.03;мм
22331;8205 - Инженерно-ориентированная физика;26\5112\1 ГБ очн Инженерно-ориентированная физика, Б;1.03.03.01;физфак
22332;8204 - Технологии программирования;26\5162\1 ДОГ очн Технологии программирования, ДОГ;1.02.03.03;мм
22333;8204 - Технологии программирования;26\5162\1 ГБ очн Технологии программирования, Б;1.02.03.03;мм
22334;8237 - Экономико-математические методы;26\5104\1 ДОГ очн Экономико-математические методы, ДОГ;5.38.03.01;экфак
22335;8204 - Технологии программирования;26\5162\1 ГБ очн Технологии программирования, ОтК;1.02.03.03;мм
22336;8202 - Большие данные и распределенная цифровая платформа;26\5190\1 ГБ очн Большие данные и распределенная цифровая платформа, ОтК;1.02.03.02;пмпу
22337;8236 - Экономика (с углубленным изучением экономики Китая и китайского языка);26\5111\1 ГБ очн Экономика (с углубленным изучением экономики Китая и китайского языка), ОсК;5.38.03.01;экфак
22338;8227 - Лечебное дело (на английском языке);26\5233\1 ИН ДОГ очн Лечебное дело (на английском языке), ДОГ;3.31.05.01;мед
22339;8205 - Инженерно-ориентированная физика;26\5112\1 ГБ очн Инженерно-ориентированная физика, ОсК;1.03.03.01;физфак
22340;8272 - Прикладная, компьютерная и математическая лингвистика (английский язык);26\5106\1 ГБ очн Прикладная, компьютерная и математическая лингвистика (английский язык), ОсК;7.45.03.02;филфак
22341;8205 - Инженерно-ориентированная физика;26\5112\1 ДОГ очн Инженерно-ориентированная физика, ДОГ;1.03.03.01;физфак
22342;8220 - Искусственный интеллект и наука о данных;26\5212\1 ГБ очн Искусственный интеллект и наука о данных, Б;2.09.03.03;мм
22343;8229 - Стоматология (на английском языке);26\5234\1 ИН ДОГ очн Стоматология (на английском языке), ДОГ;3.31.05.03;мед
22344;8236 - Экономика (с углубленным изучением экономики Китая и китайского языка);26\5111\1 ИН ДОГ очн Экономика (с углубленным изучением экономики Китая и китайского языка), ДОГ;5.38.03.01;экфак
22345;8236 - Экономика (с углубленным изучением экономики Китая и китайского языка);26\5111\1 ГБ очн Экономика (с углубленным изучением экономики Китая и китайского языка), ОтК;5.38.03.01;экфак
22346;8220 - Искусственный интеллект и наука о данных;26\5212\1 ГБ очн Искусственный интеллект и наука о данных, ОсК;2.09.03.03;мм
22347;8220 - Искусственный интеллект и наука о данных;26\5212\1 ГБ очн Искусственный интеллект и наука о данных, ОтК;2.09.03.03;мм
22348;8220 - Искусственный интеллект и наука о данных;26\5212\1 ИН ДОГ очн Искусственный интеллект и наука о данных, ДОГ;2.09.03.03;мм
22349;8205 - Инженерно-ориентированная физика;26\5112\1 ГБ очн Инженерно-ориентированная физика, ОтК;1.03.03.01;физфак
22350;8236 - Экономика (с углубленным изучением экономики Китая и китайского языка);26\5111\1 ДОГ очн Экономика (с углубленным изучением экономики Китая и китайского языка), ДОГ;5.38.03.01;экфак
22351;8205 - Инженерно-ориентированная физика;26\5112\1 ИН ДОГ очн Инженерно-ориентированная физика, ДОГ;1.03.03.01;физфак
22352;8230 - Фармация;26\5237\1 ГБ очн Фармация, ОтК;3.33.05.01;мед
22353;8258 - Туризм (с дополнительной квалификацией «Руководитель гостиничного комплекса и иных средств размещения»);26\5239\1 ИН ДОГ очн Туризм, ДОГ;5.43.03.02;иноз
22354;8213 - География (с дополнительной квалификацией «Учитель географии»);26\5236\1 ГБ очн География, ОсК;1.05.03.02;иноз
22355;8258 - Туризм (с дополнительной квалификацией «Руководитель гостиничного комплекса и иных средств размещения»);26\5239\1 ДОГ очн Туризм, ДОГ;5.43.03.02;иноз
22356;8213 - География (с дополнительной квалификацией «Учитель географии»);26\5236\1 ДОГ очн География, ДОГ;1.05.03.02;иноз
22357;8258 - Туризм (с дополнительной квалификацией «Руководитель гостиничного комплекса и иных средств размещения»);26\5239\1 ГБ очн Туризм, ОтК;5.43.03.02;иноз
22358;8230 - Фармация;26\5237\1 ДОГ очн Фармация, ДОГ;3.33.05.01;мед
22359;8258 - Туризм (с дополнительной квалификацией «Руководитель гостиничного комплекса и иных средств размещения»);26\5239\1 ГБ очн Туризм, Б;5.43.03.02;иноз
22360;8213 - География (с дополнительной квалификацией «Учитель географии»);26\5236\1 ИН ДОГ очн География, ДОГ;1.05.03.02;иноз
22361;8259 - Английский язык и литература (с дополнительными квалификациями «Учитель английского языка и литературы» / «Специалист в области перевода»);26\5241\1 ГБ очн Английский язык и литература, ОтК;7.45.03.01;филфак
22362;8230 - Фармация;26\5237\1 ГБ очн Фармация, ОсК;3.33.05.01;мед
22363;8258 - Туризм (с дополнительной квалификацией «Руководитель гостиничного комплекса и иных средств размещения»);26\5239\1 ГБ очн Туризм, ОсК;5.43.03.02;иноз
22364;8230 - Фармация;26\5237\1 ГБ очн Фармация, Б;3.33.05.01;мед
22365;8230 - Фармация;26\5237\1 ИН ДОГ очн Фармация, ДОГ;3.33.05.01;мед
22366;8259 - Английский язык и литература (с дополнительными квалификациями «Учитель английского языка и литературы» / «Специалист в области перевода»);26\5241\1 ГБ очн Английский язык и литература, Б;7.45.03.01;филфак
22367;8259 - Английский язык и литература (с дополнительными квалификациями «Учитель английского языка и литературы» / «Специалист в области перевода»);26\5241\1 ДОГ очн Английский язык и литература, ДОГ;7.45.03.01;филфак
22368;8263 - Классическая филология (древнегреческий и латинский языки. античная литература) (с дополнительной квалификацией «Учитель древнегреческого и латинского языков»);26\5244\1 ГБ очн Классическая филология, ОсК;7.45.03.01;филфак
22369;8264 - Немецкий язык, литература и перевод (с дополнительными квалификациями «Учитель немецкого языка и литературы» / «Специалист в области перевода»);26\5245\1 ГБ очн Немецкий язык, литература и перевод, Б;7.45.03.01;филфак
22370;8264 - Немецкий язык, литература и перевод (с дополнительными квалификациями «Учитель немецкого языка и литературы» / «Специалист в области перевода»);26\5245\1 ДОГ очн Немецкий язык, литература и перевод, ДОГ;7.45.03.01;филфак
22371;8259 - Английский язык и литература (с дополнительными квалификациями «Учитель английского языка и литературы» / «Специалист в области перевода»);26\5241\1 ИН ДОГ очн Английский язык и литература, ДОГ;7.45.03.01;филфак
22372;8265 - Отечественная филология (Русский язык и литература) (с дополнительной квалификацией «Учитель русского языка и литературы»);26\5246\1 ГБ очн Отечественная филология (Русский язык и литература), ОтК;7.45.03.01;филфак
22373;8263 - Классическая филология (древнегреческий и латинский языки. античная литература) (с дополнительной квалификацией «Учитель древнегреческого и латинского языков»);26\5244\1 ДОГ очн Классическая филология, ДОГ;7.45.03.01;филфак
22374;8263 - Классическая филология (древнегреческий и латинский языки. античная литература) (с дополнительной квалификацией «Учитель древнегреческого и латинского языков»);26\5244\1 ГБ очн Классическая филология, ОтК;7.45.03.01;филфак
22375;8264 - Немецкий язык, литература и перевод (с дополнительными квалификациями «Учитель немецкого языка и литературы» / «Специалист в области перевода»);26\5245\1 ИН ДОГ очн Немецкий язык, литература и перевод, ДОГ;7.45.03.01;филфак
22376;8263 - Классическая филология (древнегреческий и латинский языки. античная литература) (с дополнительной квалификацией «Учитель древнегреческого и латинского языков»);26\5244\1 ИН ДОГ очн Классическая филология, ДОГ;7.45.03.01;филфак
22377;8263 - Классическая филология (древнегреческий и латинский языки. античная литература) (с дополнительной квалификацией «Учитель древнегреческого и латинского языков»);26\5244\1 ГБ очн Классическая филология, Б;7.45.03.01;филфак
22378;8259 - Английский язык и литература (с дополнительными квалификациями «Учитель английского языка и литературы» / «Специалист в области перевода»);26\5241\1 ГБ очн Английский язык и литература, ОсК;7.45.03.01;филфак
22379;8277 - Языки славянского мира и русский язык как иностранный (с дополнительной квалификацией «Учитель русского языка и литературы»);26\5256\1 ГБ очн Языки славянского мира и русский язык как иностранный, ОсК;7.45.03.02;филфак
22380;8286 - Физическая культура и спорт (с дополнительной квалификацией «Специалист по фитнесу (фитнес-тренер)»);26\5260\1 ИН ДОГ очн Физическая культура и спорт, ДОГ;7.49.03.01;фк
22381;8275 - Теоретическое и экспериментальное языкознание (английский язык) (с дополнительной квалификацией «Учитель иностранного языка»);26\5254\1 ГБ очн Теоретическое и экспериментальное языкознание (английский язык), Б;7.45.03.02;филфак
22382;8268 - Английский язык как иностранный в обучении и коммуникации/ English as a Foreign Language in Teaching and Communication (с дополнительными квалификациями «Учитель английского языка» / «Специалист в области перевода»);26\5248\1 ДОГ очн Английский язык как иностранный в обучении и коммуникации/ English as a Foreign Language in Teaching and Communication, ДОГ;7.45.03.02;филфак
22383;8276 - Теория и практика межкультурной коммуникации (английский язык) (с дополнительными квалификациями «Учитель английского языка» / «Специалист в области перевода»);26\5255\1 ГБ очн Теория и практика межкультурной коммуникации (английский язык), Б;7.45.03.02;филфак
22384;8277 - Языки славянского мира и русский язык как иностранный (с дополнительной квалификацией «Учитель русского языка и литературы»);26\5256\1 ГБ очн Языки славянского мира и русский язык как иностранный, Б;7.45.03.02;филфак
22385;8270 - Иностранные языки в глобальных коммуникациях (с дополнительными квалификациями «Учитель иностранного языка» / «Специалист в области перевода»);26\5251\1 ДОГ очн Иностранные языки в глобальных коммуникациях, ДОГ;7.45.03.02;филфак
22386;8277 - Языки славянского мира и русский язык как иностранный (с дополнительной квалификацией «Учитель русского языка и литературы»);26\5256\1 ДОГ очн Языки славянского мира и русский язык как иностранный, ДОГ;7.45.03.02;филфак
22387;8268 - Английский язык как иностранный в обучении и коммуникации/ English as a Foreign Language in Teaching and Communication (с дополнительными квалификациями «Учитель английского языка» / «Специалист в области перевода»);26\5248\1 ИН ДОГ очн Английский язык как иностранный в обучении и коммуникации/ English as a Foreign Language in Teaching and Communication, ДОГ;7.45.03.02;филфак
22388;8265 - Отечественная филология (Русский язык и литература) (с дополнительной квалификацией «Учитель русского языка и литературы»);26\5246\1 ДОГ очн Отечественная филология (Русский язык и литература), ДОГ;7.45.03.01;филфак
22389;8273 - Русский язык как иностранный (с дополнительной квалификацией «Учитель русского языка и литературы»);26\5253\1 ДОГ очн Русский язык как иностранный, ДОГ;7.45.03.02;филфак
22390;8273 - Русский язык как иностранный (с дополнительной квалификацией «Учитель русского языка и литературы»);26\5253\1 ГБ очн Русский язык как иностранный, ОтК;7.45.03.02;филфак
22391;8269 - Балканистика и сравнительно-сопоставительное языкознание (с дополнительными квалификациями «Учитель иностранного языка» / «Специалист в области перевода»);26\5250\1 ГБ очн Балканистика и сравнительно-сопоставительное языкознание, ОтК;7.45.03.02;филфак
22392;8273 - Русский язык как иностранный (с дополнительной квалификацией «Учитель русского языка и литературы»);26\5253\1 ГБ очн Русский язык как иностранный, ОсК;7.45.03.02;филфак
22393;8268 - Английский язык как иностранный в обучении и коммуникации/ English as a Foreign Language in Teaching and Communication (с дополнительными квалификациями «Учитель английского языка» / «Специалист в области перевода»);26\5248\1 ГБ очн Английский язык как иностранный в обучении и коммуникации/ English as a Foreign Language in Teaching and Communication, Б;7.45.03.02;филфак
22394;8275 - Теоретическое и экспериментальное языкознание (английский язык) (с дополнительной квалификацией «Учитель иностранного языка»);26\5254\1 ДОГ очн Теоретическое и экспериментальное языкознание (английский язык), ДОГ;7.45.03.02;филфак
22395;8265 - Отечественная филология (Русский язык и литература) (с дополнительной квалификацией «Учитель русского языка и литературы»);26\5246\1 ИН ДОГ очн Отечественная филология (Русский язык и литература), ДОГ;7.45.03.01;филфак
22396;8266 - Французский язык, литература и перевод (с дополнительными квалификациями «Учитель французского языка и литературы» / «Специалист в области перевода»);26\5247\1 ИН ДОГ очн Французский язык, литература и перевод, ДОГ;7.45.03.01;филфак
22397;8273 - Русский язык как иностранный (с дополнительной квалификацией «Учитель русского языка и литературы»);26\5253\1 ИН ДОГ очн Русский язык как иностранный, ДОГ;7.45.03.02;филфак
22398;8286 - Физическая культура и спорт (с дополнительной квалификацией «Специалист по фитнесу (фитнес-тренер)»);26\5260\1 ГБ очн Физическая культура и спорт, ОсК;7.49.03.01;фк
22399;8286 - Физическая культура и спорт (с дополнительной квалификацией «Специалист по фитнесу (фитнес-тренер)»);26\5260\1 ДОГ очн Физическая культура и спорт, ДОГ;7.49.03.01;фк
22400;8268 - Английский язык как иностранный в обучении и коммуникации/ English as a Foreign Language in Teaching and Communication (с дополнительными квалификациями «Учитель английского языка» / «Специалист в области перевода»);26\5248\1 ГБ очн Английский язык как иностранный в обучении и коммуникации/ English as a Foreign Language in Teaching and Communication, ОсК;7.45.03.02;филфак
22401;8268 - Английский язык как иностранный в обучении и коммуникации/ English as a Foreign Language in Teaching and Communication (с дополнительными квалификациями «Учитель английского языка» / «Специалист в области перевода»);26\5248\1 ГБ очн Английский язык как иностранный в обучении и коммуникации/ English as a Foreign Language in Teaching and Communication, ОтК;7.45.03.02;филфак
22402;8273 - Русский язык как иностранный (с дополнительной квалификацией «Учитель русского языка и литературы»);26\5253\1 ГБ очн Русский язык как иностранный, Б;7.45.03.02;филфак
22403;8269 - Балканистика и сравнительно-сопоставительное языкознание (с дополнительными квалификациями «Учитель иностранного языка» / «Специалист в области перевода»);26\5250\1 ГБ очн Балканистика и сравнительно-сопоставительное языкознание, ОсК;7.45.03.02;филфак
22404;8266 - Французский язык, литература и перевод (с дополнительными квалификациями «Учитель французского языка и литературы» / «Специалист в области перевода»);26\5247\1 ДОГ очн Французский язык, литература и перевод, ДОГ;7.45.03.01;филфак
22405;8286 - Физическая культура и спорт (с дополнительной квалификацией «Специалист по фитнесу (фитнес-тренер)»);26\5260\1 ГБ очн Физическая культура и спорт, Б;7.49.03.01;фк
22406;8265 - Отечественная филология (Русский язык и литература) (с дополнительной квалификацией «Учитель русского языка и литературы»);26\5246\1 ГБ очн Отечественная филология (Русский язык и литература), ОсК;7.45.03.01;филфак
22407;8270 - Иностранные языки в глобальных коммуникациях (с дополнительными квалификациями «Учитель иностранного языка» / «Специалист в области перевода»);26\5251\1 ГБ очн Иностранные языки в глобальных коммуникациях, Б;7.45.03.02;филфак
22408;8266 - Французский язык, литература и перевод (с дополнительными квалификациями «Учитель французского языка и литературы» / «Специалист в области перевода»);26\5247\1 ГБ очн Французский язык, литература и перевод, Б;7.45.03.01;филфак
22409;8277 - Языки славянского мира и русский язык как иностранный (с дополнительной квалификацией «Учитель русского языка и литературы»);26\5256\1 ГБ очн Языки славянского мира и русский язык как иностранный, ОтК;7.45.03.02;филфак
22410;8286 - Физическая культура и спорт (с дополнительной квалификацией «Специалист по фитнесу (фитнес-тренер)»);26\5260\1 ГБ очн Физическая культура и спорт, ОтК;7.49.03.01;фк
22411;8276 - Теория и практика межкультурной коммуникации (английский язык) (с дополнительными квалификациями «Учитель английского языка» / «Специалист в области перевода»);26\5255\1 ДОГ очн Теория и практика межкультурной коммуникации (английский язык), ДОГ;7.45.03.02;филфак
22412;8265 - Отечественная филология (Русский язык и литература) (с дополнительной квалификацией «Учитель русского языка и литературы»);26\5246\1 ГБ очн Отечественная филология (Русский язык и литература), Б;7.45.03.01;филфак
22413;8248 - Юриспруденция (с углубленным изучением китайского языка и права КНР) (с дополнительной квалификацией «Специалист в области перевода»);26\5290\1 ГБ очн Юриспруденция (с углубленным изучением китайского языка и права КНР), ОсК;5.40.03.01;юрфак
22414;8248 - Юриспруденция (с углубленным изучением китайского языка и права КНР) (с дополнительной квалификацией «Специалист в области перевода»);26\5290\1 ДОГ очн Юриспруденция (с углубленным изучением китайского языка и права КНР), ДОГ;5.40.03.01;юрфак
22415;8195 - Прикладная математика, современное программирование и искусственный интеллект (с дополнительной квалификацией «Системный аналитик»);26\5283\1 ГБ очн Прикладная математика, современное программирование и искусственный интеллект, Б;1.01.03.02;мм
22416;8299 - Станковая живопись (с дополнительными квалификациями «Учитель рисования» / «Педагог дополнительного образования»);26\5281\1 ДОГ очн Станковая живопись, ДОГ;8.54.05.02;фи
22417;8299 - Станковая живопись (с дополнительными квалификациями «Учитель рисования» / «Педагог дополнительного образования»);26\5281\1 ИН ДОГ очн Станковая живопись, ДОГ;8.54.05.02;фи
22418;8217 - Биология (с дополнительной квалификацией «Учитель биологии»);26\5291\1 ИН ДОГ очн Биология, ДОГ;1.06.03.01;биофак
22419;8248 - Юриспруденция (с углубленным изучением китайского языка и права КНР) (с дополнительной квалификацией «Специалист в области перевода»);26\5290\1 ИН ДОГ очн Юриспруденция (с углубленным изучением китайского языка и права КНР), ДОГ;5.40.03.01;юрфак
22420;8292 - Артист драматического театра и кино (с дополнительной квалификацией «Педагог дополнительного образования»);26\5280\1 ИН ДОГ очн Артист драматического театра и кино, ДОГ;8.52.05.01;фи
22421;8195 - Прикладная математика, современное программирование и искусственный интеллект (с дополнительной квалификацией «Системный аналитик»);26\5283\1 ДОГ очн Прикладная математика, современное программирование и искусственный интеллект, ДОГ;1.01.03.02;мм
22422;8195 - Прикладная математика, современное программирование и искусственный интеллект (с дополнительной квалификацией «Системный аналитик»);26\5283\1 ГБ очн Прикладная математика, современное программирование и искусственный интеллект, ОтК;1.01.03.02;мм
22423;8217 - Биология (с дополнительной квалификацией «Учитель биологии»);26\5291\1 ГБ очн Биология, ОтК;1.06.03.01;биофак
22424;8195 - Прикладная математика, современное программирование и искусственный интеллект (с дополнительной квалификацией «Системный аналитик»);26\5283\1 ИН ДОГ очн Прикладная математика, современное программирование и искусственный интеллект, ДОГ;1.01.03.02;мм
22425;8218 - Биология: биоинженерные технологии (с дополнительной квалификацией «Учитель биологии»);26\5292\1 ИН ДОГ очн Биология: биоинженерные технологии, ДОГ;1.06.03.01;биофак
22426;8292 - Артист драматического театра и кино (с дополнительной квалификацией «Педагог дополнительного образования»);26\5280\1 ДОГ очн Артист драматического театра и кино, ДОГ;8.52.05.01;фи
22427;8248 - Юриспруденция (с углубленным изучением китайского языка и права КНР) (с дополнительной квалификацией «Специалист в области перевода»);26\5290\1 ГБ очн Юриспруденция (с углубленным изучением китайского языка и права КНР), Б;5.40.03.01;юрфак
22428;8255 - Журналистика (с дополнительной квалификацией «Специалист по информационным ресурсам»);26\5307\1 ГБ очн Журналистика, ОтК;5.42.03.02;журфак
22429;8217 - Биология (с дополнительной квалификацией «Учитель биологии»);26\5291\1 ГБ очн Биология, Б;1.06.03.01;биофак
22430;8218 - Биология: биоинженерные технологии (с дополнительной квалификацией «Учитель биологии»);26\5292\1 ДОГ очн Биология: биоинженерные технологии, ДОГ;1.06.03.01;биофак
22431;8217 - Биология (с дополнительной квалификацией «Учитель биологии»);26\5291\1 ДОГ очн Биология, ДОГ;1.06.03.01;биофак
22432;8195 - Прикладная математика, современное программирование и искусственный интеллект (с дополнительной квалификацией «Системный аналитик»);26\5283\1 ГБ очн Прикладная математика, современное программирование и искусственный интеллект, ОсК;1.01.03.02;мм
22433;8248 - Юриспруденция (с углубленным изучением китайского языка и права КНР) (с дополнительной квалификацией «Специалист в области перевода»);26\5290\1 ГБ очн Юриспруденция (с углубленным изучением китайского языка и права КНР), ОтК;5.40.03.01;юрфак
22434;8217 - Биология (с дополнительной квалификацией «Учитель биологии»);26\5291\1 ГБ очн Биология, ОсК;1.06.03.01;биофак
22435;8256 - Международная журналистика (с дополнительной квалификацией «Графический дизайнер»);26\5308\1 ДОГ очн Международная журналистика, ДОГ;5.42.03.02;журфак
22436;8239 - Менеджмент (с дополнительной квалификацией «Бизнес-аналитик»);26\5310\1 ГБ очн Менеджмент, ОтК;5.38.03.02;вшм
22437;8239 - Менеджмент (с дополнительной квалификацией «Бизнес-аналитик»);26\5310\1 ГБ очн Менеджмент, ОсК;5.38.03.02;вшм
22438;8254 - Реклама и связи с общественностью (с дополнительной квалификацией «Специалист по продвижению и распространению продукции средств массовой информации»);26\5309\1 ДОГ очн Реклама и связи с общественностью, ДОГ;5.42.03.01;журфак
22439;8256 - Международная журналистика (с дополнительной квалификацией «Графический дизайнер»);26\5308\1 ИН ДОГ очн Международная журналистика, ДОГ;5.42.03.02;журфак
22440;8256 - Международная журналистика (с дополнительной квалификацией «Графический дизайнер»);26\5308\1 ГБ очн Международная журналистика, ОсК;5.42.03.02;журфак
22441;8239 - Менеджмент (с дополнительной квалификацией «Бизнес-аналитик»);26\5310\1 ДОГ очн Менеджмент, ДОГ;5.38.03.02;вшм
22442;8281 - История России (с дополнительными квалификациями «Учитель истории и обществознания» / «Педагог дополнительного образования»);26\5312\1 ГБ очн История России, ОтК;7.46.03.01;истфак
22443;8239 - Менеджмент (с дополнительной квалификацией «Бизнес-аналитик»);26\5310\1 ГБ очн Менеджмент, Б;5.38.03.02;вшм
22444;8254 - Реклама и связи с общественностью (с дополнительной квалификацией «Специалист по продвижению и распространению продукции средств массовой информации»);26\5309\1 ГБ очн Реклама и связи с общественностью, ОтК;5.42.03.01;журфак
22445;8255 - Журналистика (с дополнительной квалификацией «Специалист по информационным ресурсам»);26\5307\1 ИН ДОГ очн Журналистика, ДОГ;5.42.03.02;журфак
22446;8254 - Реклама и связи с общественностью (с дополнительной квалификацией «Специалист по продвижению и распространению продукции средств массовой информации»);26\5309\1 ИН ДОГ очн Реклама и связи с общественностью, ДОГ;5.42.03.01;журфак
22447;8256 - Международная журналистика (с дополнительной квалификацией «Графический дизайнер»);26\5308\1 ГБ очн Международная журналистика, Б;5.42.03.02;журфак
22448;8254 - Реклама и связи с общественностью (с дополнительной квалификацией «Специалист по продвижению и распространению продукции средств массовой информации»);26\5309\1 ГБ очн Реклама и связи с общественностью, Б;5.42.03.01;журфак
22449;8256 - Международная журналистика (с дополнительной квалификацией «Графический дизайнер»);26\5308\1 ГБ очн Международная журналистика, ОтК;5.42.03.02;журфак
22450;8239 - Менеджмент (с дополнительной квалификацией «Бизнес-аналитик»);26\5310\1 ИН ДОГ очн Менеджмент, ДОГ;5.38.03.02;вшм
22451;8254 - Реклама и связи с общественностью (с дополнительной квалификацией «Специалист по продвижению и распространению продукции средств массовой информации»);26\5309\1 ГБ очн Реклама и связи с общественностью, ОсК;5.42.03.01;журфак
22452;8290 - Культурология (с дополнительными квалификациями «Учитель обществознания» / «Педагог дополнительного образования»);26\5323\1 ИН ДОГ очн Культурология, ДОГ;8.51.03.01;философ
22453;8279 - Археология (с дополнительными квалификациями «Учитель истории и обществознания» / «Хранитель музейных ценностей» / «Специалист по учету музейных предметов»);26\5315\1 ГБ очн Археология, Б;7.46.03.01;истфак
22454;8280 - Всеобщая история (с дополнительными квалификациями «Учитель истории и обществознания» / «Педагог дополнительного образования»);26\5313\1 ИН ДОГ очн Всеобщая история, ДОГ;7.46.03.01;истфак
22455;8289 - Теория и история искусств (с дополнительной квалификацией «Экскурсовод (гид)»);26\5316\1 ГБ очн Теория и история искусств, ОтК;8.50.03.03;истфак
22456;8281 - История России (с дополнительными квалификациями «Учитель истории и обществознания» / «Педагог дополнительного образования»);26\5312\1 ГБ очн История России, ОсК;7.46.03.01;истфак
22457;8291 - Музеология и охрана объектов культурного и природного наследия (с дополнительной квалификацией «Экскурсовод (гид)»);26\5324\1 ДОГ очн Музеология и охрана объектов культурного и природного наследия, ДОГ;8.51.03.04;философ
22458;8210 - Химия (с дополнительными квалификациями «Специалист в области перевода научно-технической литературы» / «Учитель химии»);26\5325\1 ГБ очн Химия, ОсК;1.04.03.01;химфак
22459;8211 - Химическое материаловедение (с дополнительной квалификацией «Специалист в области перевода научно-технической литературы»);26\5326\1 ИН ДОГ очн Химическое материаловедение, ДОГ;1.04.03.02;химфак
22460;8194 - Прикладная математика, процессы управления и искусственный интеллект (с дополнительной квалификацией «Программист»);26\5329\1 ГБ очн Прикладная математика, процессы управления и искусственный интеллект, ОтК;1.01.03.02;пмпу
22461;8282 - Философия (с дополнительными квалификациями «Учитель обществознания» / «Педагог дополнительного образования»);26\5321\1 ГБ очн Философия, ОсК;7.47.03.01;философ
22462;8211 - Химическое материаловедение (с дополнительной квалификацией «Специалист в области перевода научно-технической литературы»);26\5326\1 ГБ очн Химическое материаловедение, ОсК;1.04.03.02;химфак
22463;8279 - Археология (с дополнительными квалификациями «Учитель истории и обществознания» / «Хранитель музейных ценностей» / «Специалист по учету музейных предметов»);26\5315\1 ГБ очн Археология, ОсК;7.46.03.01;истфак
22464;8282 - Философия (с дополнительными квалификациями «Учитель обществознания» / «Педагог дополнительного образования»);26\5321\1 ДОГ очн Философия, ДОГ;7.47.03.01;философ
22465;8289 - Теория и история искусств (с дополнительной квалификацией «Экскурсовод (гид)»);26\5316\1 ИН ДОГ очн Теория и история искусств, ДОГ;8.50.03.03;истфак
22466;8289 - Теория и история искусств (с дополнительной квалификацией «Экскурсовод (гид)»);26\5316\1 ДОГ очн Теория и история искусств, ДОГ;8.50.03.03;истфак
22467;8194 - Прикладная математика, процессы управления и искусственный интеллект (с дополнительной квалификацией «Программист»);26\5329\1 ГБ очн Прикладная математика, процессы управления и искусственный интеллект, ОсК;1.01.03.02;пмпу
22468;8280 - Всеобщая история (с дополнительными квалификациями «Учитель истории и обществознания» / «Педагог дополнительного образования»);26\5313\1 ДОГ очн Всеобщая история, ДОГ;7.46.03.01;истфак
22469;8279 - Археология (с дополнительными квалификациями «Учитель истории и обществознания» / «Хранитель музейных ценностей» / «Специалист по учету музейных предметов»);26\5315\1 ДОГ очн Археология, ДОГ;7.46.03.01;истфак
22470;8291 - Музеология и охрана объектов культурного и природного наследия (с дополнительной квалификацией «Экскурсовод (гид)»);26\5324\1 ГБ очн Музеология и охрана объектов культурного и природного наследия, ОсК;8.51.03.04;философ
22471;8279 - Археология (с дополнительными квалификациями «Учитель истории и обществознания» / «Хранитель музейных ценностей» / «Специалист по учету музейных предметов»);26\5315\1 ИН ДОГ очн Археология, ДОГ;7.46.03.01;истфак
22472;8291 - Музеология и охрана объектов культурного и природного наследия (с дополнительной квалификацией «Экскурсовод (гид)»);26\5324\1 ГБ очн Музеология и охрана объектов культурного и природного наследия, ОтК;8.51.03.04;философ
22473;8211 - Химическое материаловедение (с дополнительной квалификацией «Специалист в области перевода научно-технической литературы»);26\5326\1 ДОГ очн Химическое материаловедение, ДОГ;1.04.03.02;химфак
22474;8194 - Прикладная математика, процессы управления и искусственный интеллект (с дополнительной квалификацией «Программист»);26\5329\1 ДОГ очн Прикладная математика, процессы управления и искусственный интеллект, ДОГ;1.01.03.02;пмпу
22475;8269 - Балканистика и сравнительно-сопоставительное языкознание (с дополнительными квалификациями «Учитель иностранного языка» / «Специалист в области перевода»);26\5250\1 ГБ очн Балканистика и сравнительно-сопоставительное языкознание, Б;7.45.03.02;филфак
22476;8281 - История России (с дополнительными квалификациями «Учитель истории и обществознания» / «Педагог дополнительного образования»);26\5312\1 ДОГ очн История России, ДОГ;7.46.03.01;истфак
22477;8282 - Философия (с дополнительными квалификациями «Учитель обществознания» / «Педагог дополнительного образования»);26\5321\1 ГБ очн Философия, Б;7.47.03.01;философ
22478;8289 - Теория и история искусств (с дополнительной квалификацией «Экскурсовод (гид)»);26\5316\1 ГБ очн Теория и история искусств, ОсК;8.50.03.03;истфак
22479;8290 - Культурология (с дополнительными квалификациями «Учитель обществознания» / «Педагог дополнительного образования»);26\5323\1 ГБ очн Культурология, ОсК;8.51.03.01;философ
22480;8211 - Химическое материаловедение (с дополнительной квалификацией «Специалист в области перевода научно-технической литературы»);26\5326\1 ГБ очн Химическое материаловедение, ОтК;1.04.03.02;химфак
22481;8290 - Культурология (с дополнительными квалификациями «Учитель обществознания» / «Педагог дополнительного образования»);26\5323\1 ДОГ очн Культурология, ДОГ;8.51.03.01;философ
22482;8290 - Культурология (с дополнительными квалификациями «Учитель обществознания» / «Педагог дополнительного образования»);26\5323\1 ГБ очн Культурология, ОтК;8.51.03.01;философ
22483;8280 - Всеобщая история (с дополнительными квалификациями «Учитель истории и обществознания» / «Педагог дополнительного образования»);26\5313\1 ГБ очн Всеобщая история, ОтК;7.46.03.01;истфак
22484;8282 - Философия (с дополнительными квалификациями «Учитель обществознания» / «Педагог дополнительного образования»);26\5321\1 ИН ДОГ очн Философия, ДОГ;7.47.03.01;философ
22485;8210 - Химия (с дополнительными квалификациями «Специалист в области перевода научно-технической литературы» / «Учитель химии»);26\5325\1 ИН ДОГ очн Химия, ДОГ;1.04.03.01;химфак
22486;8211 - Химическое материаловедение (с дополнительной квалификацией «Специалист в области перевода научно-технической литературы»);26\5326\1 ГБ очн Химическое материаловедение, Б;1.04.03.02;химфак
22487;8291 - Музеология и охрана объектов культурного и природного наследия (с дополнительной квалификацией «Экскурсовод (гид)»);26\5324\1 ГБ очн Музеология и охрана объектов культурного и природного наследия, Б;8.51.03.04;философ
22488;8210 - Химия (с дополнительными квалификациями «Специалист в области перевода научно-технической литературы» / «Учитель химии»);26\5325\1 ДОГ очн Химия, ДОГ;1.04.03.01;химфак
22489;8280 - Всеобщая история (с дополнительными квалификациями «Учитель истории и обществознания» / «Педагог дополнительного образования»);26\5313\1 ГБ очн Всеобщая история, Б;7.46.03.01;истфак
22490;8289 - Теория и история искусств (с дополнительной квалификацией «Экскурсовод (гид)»);26\5316\1 ГБ очн Теория и история искусств, Б;8.50.03.03;истфак
22491;8280 - Всеобщая история (с дополнительными квалификациями «Учитель истории и обществознания» / «Педагог дополнительного образования»);26\5313\1 ГБ очн Всеобщая история, ОсК;7.46.03.01;истфак
22492;8210 - Химия (с дополнительными квалификациями «Специалист в области перевода научно-технической литературы» / «Учитель химии»);26\5325\1 ГБ очн Химия, ОтК;1.04.03.01;химфак
22493;8279 - Археология (с дополнительными квалификациями «Учитель истории и обществознания» / «Хранитель музейных ценностей» / «Специалист по учету музейных предметов»);26\5315\1 ГБ очн Археология, ОтК;7.46.03.01;истфак
22494;8282 - Философия (с дополнительными квалификациями «Учитель обществознания» / «Педагог дополнительного образования»);26\5321\1 ГБ очн Философия, ОтК;7.47.03.01;философ
22495;8194 - Прикладная математика, процессы управления и искусственный интеллект (с дополнительной квалификацией «Программист»);26\5329\1 ГБ очн Прикладная математика, процессы управления и искусственный интеллект, Б;1.01.03.02;пмпу
22496;8291 - Музеология и охрана объектов культурного и природного наследия (с дополнительной квалификацией «Экскурсовод (гид)»);26\5324\1 ИН ДОГ очн Музеология и охрана объектов культурного и природного наследия, ДОГ;8.51.03.04;философ
22497;8210 - Химия (с дополнительными квалификациями «Специалист в области перевода научно-технической литературы» / «Учитель химии»);26\5325\1 ГБ очн Химия, Б;1.04.03.01;химфак
22498;8281 - История России (с дополнительными квалификациями «Учитель истории и обществознания» / «Педагог дополнительного образования»);26\5312\1 ГБ очн История России, Б;7.46.03.01;истфак
22499;8281 - История России (с дополнительными квалификациями «Учитель истории и обществознания» / «Педагог дополнительного образования»);26\5312\1 ИН ДОГ очн История России, ДОГ;7.46.03.01;истфак
22500;8290 - Культурология (с дополнительными квалификациями «Учитель обществознания» / «Педагог дополнительного образования»);26\5323\1 ГБ очн Культурология, Б;8.51.03.01;философ
22501;8194 - Прикладная математика, процессы управления и искусственный интеллект (с дополнительной квалификацией «Программист»);26\5329\1 ИН ДОГ очн Прикладная математика, процессы управления и искусственный интеллект, ДОГ;1.01.03.02;пмпу
22502;8225 - Прикладные компьютерные технологии и искусственный интеллект;26\5330\1 ГБ очн Прикладные компьютерные технологии и искусственный интеллект, Б;2.27.03.03;пмпу
22503;8225 - Прикладные компьютерные технологии и искусственный интеллект;26\5330\1 ГБ очн Прикладные компьютерные технологии и искусственный интеллект, ОтК;2.27.03.03;пмпу
22504;8293 - Инструментальное исполнительство на органе, клавесине, карильоне (с дополнительной квалификацией «Педагог дополнительного образования»);26\5332\1 ДОГ очн Инструментальное исполнительство на органе, клавесине, карильоне, ДОГ;8.53.03.02;фи
22505;8225 - Прикладные компьютерные технологии и искусственный интеллект;26\5330\1 ГБ очн Прикладные компьютерные технологии и искусственный интеллект, ОсК;2.27.03.03;пмпу
22506;8293 - Инструментальное исполнительство на органе, клавесине, карильоне (с дополнительной квалификацией «Педагог дополнительного образования»);26\5332\1 ИН ДОГ очн Инструментальное исполнительство на органе, клавесине, карильоне, ДОГ;8.53.03.02;фи
22507;8294 - Академическое пение (с дополнительной квалификацией «Педагог дополнительного образования»);26\5333\1 ДОГ очн Академическое пение, ДОГ;8.53.03.03;фи
22508;8225 - Прикладные компьютерные технологии и искусственный интеллект;26\5330\1 ДОГ очн Прикладные компьютерные технологии и искусственный интеллект, ДОГ;2.27.03.03;пмпу
22509;8225 - Прикладные компьютерные технологии и искусственный интеллект;26\5330\1 ИН ДОГ очн Прикладные компьютерные технологии и искусственный интеллект, ДОГ;2.27.03.03;пмпу
22510;8298 - Реставрация произведений изобразительного и декоративно-прикладного искусства (с дополнительной квалификацией «Специалист по техническим процессам художественной деятельности»);26\5338\1 ГБ очн Реставрация произведений изобразительного и декоративно-прикладного искусства, ОтК;8.54.03.04;фи
22511;8193 - Математика (с дополнительной квалификацией «Специалист по научно-исследовательским разработкам»);26\5339\1 ГБ очн Математика, Б;1.01.03.01;М
22512;8221 - Прикладная информатика в области искусств и гуманитарных наук (с дополнительной квалификацией «Специалист по информационным системам»);26\5335\1 ГБ очн Прикладная информатика в области искусств и гуманитарных наук, Б;2.09.03.03;фи
22513;8221 - Прикладная информатика в области искусств и гуманитарных наук (с дополнительной квалификацией «Специалист по информационным системам»);26\5335\1 ИН ДОГ очн Прикладная информатика в области искусств и гуманитарных наук, ДОГ;2.09.03.03;фи
22514;8295 - Графический дизайн (с дополнительной квалификацией «Графический дизайнер»);26\5336\1 ГБ очн Графический дизайн, ОтК;8.54.03.01;фи
22515;8298 - Реставрация произведений изобразительного и декоративно-прикладного искусства (с дополнительной квалификацией «Специалист по техническим процессам художественной деятельности»);26\5338\1 ГБ очн Реставрация произведений изобразительного и декоративно-прикладного искусства, ОсК;8.54.03.04;фи
22516;8298 - Реставрация произведений изобразительного и декоративно-прикладного искусства (с дополнительной квалификацией «Специалист по техническим процессам художественной деятельности»);26\5338\1 ГБ очн Реставрация произведений изобразительного и декоративно-прикладного искусства, Б;8.54.03.04;фи
22517;8296 - Дизайн среды (с дополнительной квалификацией «Художник-оформитель»);26\5337\1 ДОГ очн Дизайн среды, ДОГ;8.54.03.01;фи
22518;8221 - Прикладная информатика в области искусств и гуманитарных наук (с дополнительной квалификацией «Специалист по информационным системам»);26\5335\1 ГБ очн Прикладная информатика в области искусств и гуманитарных наук, ОсК;2.09.03.03;фи
22519;8294 - Академическое пение (с дополнительной квалификацией «Педагог дополнительного образования»);26\5333\1 ИН ДОГ очн Академическое пение, ДОГ;8.53.03.03;фи
22520;8298 - Реставрация произведений изобразительного и декоративно-прикладного искусства (с дополнительной квалификацией «Специалист по техническим процессам художественной деятельности»);26\5338\1 ДОГ очн Реставрация произведений изобразительного и декоративно-прикладного искусства, ДОГ;8.54.03.04;фи
22521;8297 - Декоративно-прикладное искусство (с дополнительной квалификацией «Педагог дополнительного образования»);26\5334\1 ГБ очн Декоративно-прикладное искусство, ОсК;8.54.03.02;фи
22522;8196 - Современное программирование (с дополнительной квалификацией «Программист»);26\5340\1 ГБ очн Современное программирование, ОтК;1.01.03.02;СП
22523;8193 - Математика (с дополнительной квалификацией «Специалист по научно-исследовательским разработкам»);26\5339\1 ГБ очн Математика, ОсК;1.01.03.01;М
22524;8295 - Графический дизайн (с дополнительной квалификацией «Графический дизайнер»);26\5336\1 ИН ДОГ очн Графический дизайн, ДОГ;8.54.03.01;фи
22525;8193 - Математика (с дополнительной квалификацией «Специалист по научно-исследовательским разработкам»);26\5339\1 ГБ очн Математика, ОтК;1.01.03.01;М
22526;8221 - Прикладная информатика в области искусств и гуманитарных наук (с дополнительной квалификацией «Специалист по информационным системам»);26\5335\1 ДОГ очн Прикладная информатика в области искусств и гуманитарных наук, ДОГ;2.09.03.03;фи
22527;8298 - Реставрация произведений изобразительного и декоративно-прикладного искусства (с дополнительной квалификацией «Специалист по техническим процессам художественной деятельности»);26\5338\1 ИН ДОГ очн Реставрация произведений изобразительного и декоративно-прикладного искусства, ДОГ;8.54.03.04;фи
22528;8296 - Дизайн среды (с дополнительной квалификацией «Художник-оформитель»);26\5337\1 ГБ очн Дизайн среды, ОтК;8.54.03.01;фи
22529;8255 - Журналистика (с дополнительной квалификацией «Специалист по информационным ресурсам»);26\5307\1 ГБ очн Журналистика, Б;5.42.03.02;журфак
22530;8295 - Графический дизайн (с дополнительной квалификацией «Графический дизайнер»);26\5336\1 ГБ очн Графический дизайн, Б;8.54.03.01;фи
22531;8295 - Графический дизайн (с дополнительной квалификацией «Графический дизайнер»);26\5336\1 ДОГ очн Графический дизайн, ДОГ;8.54.03.01;фи
22532;8196 - Современное программирование (с дополнительной квалификацией «Программист»);26\5340\1 ГБ очн Современное программирование, ОсК;1.01.03.02;СП
22533;8255 - Журналистика (с дополнительной квалификацией «Специалист по информационным ресурсам»);26\5307\1 ДОГ очн Журналистика, ДОГ;5.42.03.02;журфак
22534;8255 - Журналистика (с дополнительной квалификацией «Специалист по информационным ресурсам»);26\5307\1 ГБ очн Журналистика, ОсК;5.42.03.02;журфак
22535;8295 - Графический дизайн (с дополнительной квалификацией «Графический дизайнер»);26\5336\1 ГБ очн Графический дизайн, ОсК;8.54.03.01;фи
22536;8296 - Дизайн среды (с дополнительной квалификацией «Художник-оформитель»);26\5337\1 ИН ДОГ очн Дизайн среды, ДОГ;8.54.03.01;фи
22537;8296 - Дизайн среды (с дополнительной квалификацией «Художник-оформитель»);26\5337\1 ГБ очн Дизайн среды, ОсК;8.54.03.01;фи
22538;8297 - Декоративно-прикладное искусство (с дополнительной квалификацией «Педагог дополнительного образования»);26\5334\1 ИН ДОГ очн Декоративно-прикладное искусство, ДОГ;8.54.03.02;фи
22539;8296 - Дизайн среды (с дополнительной квалификацией «Художник-оформитель»);26\5337\1 ГБ очн Дизайн среды, Б;8.54.03.01;фи
22540;8193 - Математика (с дополнительной квалификацией «Специалист по научно-исследовательским разработкам»);26\5339\1 ДОГ очн Математика, ДОГ;1.01.03.01;М
22541;8297 - Декоративно-прикладное искусство (с дополнительной квалификацией «Педагог дополнительного образования»);26\5334\1 ГБ очн Декоративно-прикладное искусство, Б;8.54.03.02;фи
22542;8297 - Декоративно-прикладное искусство (с дополнительной квалификацией «Педагог дополнительного образования»);26\5334\1 ДОГ очн Декоративно-прикладное искусство, ДОГ;8.54.03.02;фи
22543;8196 - Современное программирование (с дополнительной квалификацией «Программист»);26\5340\1 ГБ очн Современное программирование, Б;1.01.03.02;СП
22544;8245 - Социология (с дополнительной квалификацией «Социолог: специалист по фундаментальным и прикладным социологическим исследованиям»);26\5344\1 ДОГ очн Социология, ДОГ;5.39.03.01;соцфак
22545;8288 - Искусства и гуманитарные науки (с дополнительной квалификацией «Педагог дополнительного образования»);26\5343\1 ИН ДОГ очн Искусства и гуманитарные науки, ДОГ;8.50.03.01;фи
22546;8245 - Социология (с дополнительной квалификацией «Социолог: специалист по фундаментальным и прикладным социологическим исследованиям»);26\5344\1 ГБ очн Социология, Б;5.39.03.01;соцфак
22547;8201 - Науки о данных (с дополнительной квалификацией «Специалист по большим данным»);26\5341\1 ГБ очн Науки о данных, ОтК;1.02.03.01;НОД
22548;8244 - Социологические исследования в цифровом обществе (с дополнительной квалификацией «Социолог: специалист по фундаментальным и прикладным социологическим исследованиям»);26\5345\1 ИН ДОГ очн Социологические исследования в цифровом обществе, ДОГ;5.39.03.01;соцфак
22549;8244 - Социологические исследования в цифровом обществе (с дополнительной квалификацией «Социолог: специалист по фундаментальным и прикладным социологическим исследованиям»);26\5345\1 ГБ очн Социологические исследования в цифровом обществе, ОсК;5.39.03.01;соцфак
22550;8253 - Международные отношения (с дополнительной квалификацией «Специалист в области перевода»);26\5342\1 ГБ очн Международные отношения, Б;5.41.03.05;мо
22551;8196 - Современное программирование (с дополнительной квалификацией «Программист»);26\5340\1 ДОГ очн Современное программирование, ДОГ;1.01.03.02;СП
22552;8288 - Искусства и гуманитарные науки (с дополнительной квалификацией «Педагог дополнительного образования»);26\5343\1 ГБ очн Искусства и гуманитарные науки, ОсК;8.50.03.01;фи
22553;8253 - Международные отношения (с дополнительной квалификацией «Специалист в области перевода»);26\5342\1 ДОГ очн Международные отношения, ДОГ;5.41.03.05;мо
22554;8253 - Международные отношения (с дополнительной квалификацией «Специалист в области перевода»);26\5342\1 ГБ очн Международные отношения, ОсК;5.41.03.05;мо
22555;8244 - Социологические исследования в цифровом обществе (с дополнительной квалификацией «Социолог: специалист по фундаментальным и прикладным социологическим исследованиям»);26\5345\1 ДОГ очн Социологические исследования в цифровом обществе, ДОГ;5.39.03.01;соцфак
22556;8288 - Искусства и гуманитарные науки (с дополнительной квалификацией «Педагог дополнительного образования»);26\5343\1 ГБ очн Искусства и гуманитарные науки, Б;8.50.03.01;фи
22557;8244 - Социологические исследования в цифровом обществе (с дополнительной квалификацией «Социолог: специалист по фундаментальным и прикладным социологическим исследованиям»);26\5345\1 ГБ очн Социологические исследования в цифровом обществе, ОтК;5.39.03.01;соцфак
22558;8201 - Науки о данных (с дополнительной квалификацией «Специалист по большим данным»);26\5341\1 ДОГ очн Науки о данных, ДОГ;1.02.03.01;НОД
22559;8253 - Международные отношения (с дополнительной квалификацией «Специалист в области перевода»);26\5342\1 ИН ДОГ очн Международные отношения, ДОГ;5.41.03.05;мо
22560;8245 - Социология (с дополнительной квалификацией «Социолог: специалист по фундаментальным и прикладным социологическим исследованиям»);26\5344\1 ИН ДОГ очн Социология, ДОГ;5.39.03.01;соцфак
22561;8201 - Науки о данных (с дополнительной квалификацией «Специалист по большим данным»);26\5341\1 ГБ очн Науки о данных, Б;1.02.03.01;НОД
22562;8245 - Социология (с дополнительной квалификацией «Социолог: специалист по фундаментальным и прикладным социологическим исследованиям»);26\5344\1 ГБ очн Социология, ОтК;5.39.03.01;соцфак
22563;8201 - Науки о данных (с дополнительной квалификацией «Специалист по большим данным»);26\5341\1 ГБ очн Науки о данных, ОсК;1.02.03.01;НОД
22564;8245 - Социология (с дополнительной квалификацией «Социолог: специалист по фундаментальным и прикладным социологическим исследованиям»);26\5344\1 ГБ очн Социология, ОсК;5.39.03.01;соцфак
22565;8244 - Социологические исследования в цифровом обществе (с дополнительной квалификацией «Социолог: специалист по фундаментальным и прикладным социологическим исследованиям»);26\5345\1 ГБ очн Социологические исследования в цифровом обществе, Б;5.39.03.01;соцфак
22566;8288 - Искусства и гуманитарные науки (с дополнительной квалификацией «Педагог дополнительного образования»);26\5343\1 ДОГ очн Искусства и гуманитарные науки, ДОГ;8.50.03.01;фи
22567;8288 - Искусства и гуманитарные науки (с дополнительной квалификацией «Педагог дополнительного образования»);26\5343\1 ГБ очн Искусства и гуманитарные науки, ОтК;8.50.03.01;фи
22568;8253 - Международные отношения (с дополнительной квалификацией «Специалист в области перевода»);26\5342\1 ГБ очн Международные отношения, ОтК;5.41.03.05;мо
22569;8243 - Прикладная социология;26\5346\1 ГБ очн Прикладная социология, ОсК;5.39.03.01;соцфак
22570;8243 - Прикладная социология;26\5346\1 ГБ очн Прикладная социология, ОтК;5.39.03.01;соцфак
22571;8246 - Социальная работа (с дополнительной квалификацией «Специалист по работе с семьей»);26\5347\1 ГБ очн Социальная работа, ОтК;5.39.03.02;соцфак
22572;8206 - Прикладные физика и математика (с дополнительной квалификацией «Программист»);26\5348\1 ГБ очн Прикладные физика и математика, ОтК;1.03.03.01;физфак
22573;8246 - Социальная работа (с дополнительной квалификацией «Специалист по работе с семьей»);26\5347\1 ДОГ очн Социальная работа, ДОГ;5.39.03.02;соцфак
22574;8246 - Социальная работа (с дополнительной квалификацией «Специалист по работе с семьей»);26\5347\1 ГБ очн Социальная работа, Б;5.39.03.02;соцфак
22575;8206 - Прикладные физика и математика (с дополнительной квалификацией «Программист»);26\5348\1 ГБ очн Прикладные физика и математика, Б;1.03.03.01;физфак
22576;8246 - Социальная работа (с дополнительной квалификацией «Специалист по работе с семьей»);26\5347\1 ГБ очн Социальная работа, ОсК;5.39.03.02;соцфак
22577;8243 - Прикладная социология;26\5346\1 ДОГ очн Прикладная социология, ДОГ;5.39.03.01;соцфак
22578;8243 - Прикладная социология;26\5346\1 ИН ДОГ очн Прикладная социология, ДОГ;5.39.03.01;соцфак
22579;8243 - Прикладная социология;26\5346\1 ГБ очн Прикладная социология, Б;5.39.03.01;соцфак
22580;8206 - Прикладные физика и математика (с дополнительной квалификацией «Программист»);26\5348\1 ГБ очн Прикладные физика и математика, ОсК;1.03.03.01;физфак
22581;8207 - Физика (с дополнительной квалификацией «Программист»);26\5350\1 ГБ очн Физика, ОтК;1.03.03.02;физфак
22582;8206 - Прикладные физика и математика (с дополнительной квалификацией «Программист»);26\5348\1 ДОГ очн Прикладные физика и математика, ДОГ;1.03.03.01;физфак
22583;8206 - Прикладные физика и математика (с дополнительной квалификацией «Программист»);26\5348\1 ИН ДОГ очн Прикладные физика и математика, ДОГ;1.03.03.01;физфак
22584;8221 - Прикладная информатика в области искусств и гуманитарных наук (с дополнительной квалификацией «Специалист по информационным системам»);26\5335\1 ГБ очн Прикладная информатика в области искусств и гуманитарных наук, ОтК;2.09.03.03;фи
22585;8224 - Кадастр недвижимости: оценка и информационное обеспечение (с дополнительной квалификацией «Специалист в области инженерно-геодезических изысканий для градостроительной деятельности»);26\5352\1 ДОГ очн Кадастр недвижимости: оценка и информационное обеспечение, ДОГ;2.21.03.02;иноз
22586;8224 - Кадастр недвижимости: оценка и информационное обеспечение (с дополнительной квалификацией «Специалист в области инженерно-геодезических изысканий для градостроительной деятельности»);26\5352\1 ИН ДОГ очн Кадастр недвижимости: оценка и информационное обеспечение, ДОГ;2.21.03.02;иноз
22587;8240 - Управление персоналом (с дополнительной квалификацией «Консультант в области управления персоналом»);26\5351\1 ГБ очн Управление персоналом, ОсК;5.38.03.03;экфак
22588;8207 - Физика (с дополнительной квалификацией «Программист»);26\5350\1 ГБ очн Физика, ОсК;1.03.03.02;физфак
22589;8207 - Физика (с дополнительной квалификацией «Программист»);26\5350\1 ГБ очн Физика, Б;1.03.03.02;физфак
22590;8224 - Кадастр недвижимости: оценка и информационное обеспечение (с дополнительной квалификацией «Специалист в области инженерно-геодезических изысканий для градостроительной деятельности»);26\5352\1 ГБ очн Кадастр недвижимости: оценка и информационное обеспечение, ОтК;2.21.03.02;иноз
22591;8240 - Управление персоналом (с дополнительной квалификацией «Консультант в области управления персоналом»);26\5351\1 ДОГ очн Управление персоналом, ДОГ;5.38.03.03;экфак
22592;8224 - Кадастр недвижимости: оценка и информационное обеспечение (с дополнительной квалификацией «Специалист в области инженерно-геодезических изысканий для градостроительной деятельности»);26\5352\1 ГБ очн Кадастр недвижимости: оценка и информационное обеспечение, ОсК;2.21.03.02;иноз
22593;8240 - Управление персоналом (с дополнительной квалификацией «Консультант в области управления персоналом»);26\5351\1 ИН ДОГ очн Управление персоналом, ДОГ;5.38.03.03;экфак
22594;8240 - Управление персоналом (с дополнительной квалификацией «Консультант в области управления персоналом»);26\5351\1 ГБ очн Управление персоналом, ОтК;5.38.03.03;экфак
22595;8223 - Нефтегазовая геология;26\5353\1 ГБ очн Нефтегазовая геология, ОтК;2.21.03.01;иноз
22596;8207 - Физика (с дополнительной квалификацией «Программист»);26\5350\1 ДОГ очн Физика, ДОГ;1.03.03.02;физфак
22597;8240 - Управление персоналом (с дополнительной квалификацией «Консультант в области управления персоналом»);26\5351\1 ГБ очн Управление персоналом, Б;5.38.03.03;экфак
22598;8223 - Нефтегазовая геология;26\5353\1 ГБ очн Нефтегазовая геология, ОсК;2.21.03.01;иноз
22599;8223 - Нефтегазовая геология;26\5353\1 ГБ очн Нефтегазовая геология, Б;2.21.03.01;иноз
22600;8224 - Кадастр недвижимости: оценка и информационное обеспечение (с дополнительной квалификацией «Специалист в области инженерно-геодезических изысканий для градостроительной деятельности»);26\5352\1 ГБ очн Кадастр недвижимости: оценка и информационное обеспечение, Б;2.21.03.02;иноз
22601;8223 - Нефтегазовая геология;26\5353\1 ИН ДОГ очн Нефтегазовая геология, ДОГ;2.21.03.01;иноз
22602;8249 - Юриспруденция (с углубленным изучением налогового права);26\5355\1 ДОГ очн Юриспруденция (с углубленным изучением налогового права), ДОГ;5.40.03.01;юрфак
22603;8287 - Физическая реабилитация;26\5354\1 ГБ очн Физическая реабилитация, Б;7.49.03.02;фк
22604;8261 - Испанский язык, литература и перевод (с дополнительными квалификациями «Учитель испанского языка и литературы» / «Специалист в области перевода»);26\5361\1 ИН ДОГ очн Испанский язык, литература и перевод, ДОГ;7.45.03.01;филфак
22605;8249 - Юриспруденция (с углубленным изучением налогового права);26\5355\1 ГБ очн Юриспруденция (с углубленным изучением налогового права), Б;5.40.03.01;юрфак
22606;8261 - Испанский язык, литература и перевод (с дополнительными квалификациями «Учитель испанского языка и литературы» / «Специалист в области перевода»);26\5361\1 ГБ очн Испанский язык, литература и перевод, Б;7.45.03.01;филфак
22607;8261 - Испанский язык, литература и перевод (с дополнительными квалификациями «Учитель испанского языка и литературы» / «Специалист в области перевода»);26\5361\1 ДОГ очн Испанский язык, литература и перевод, ДОГ;7.45.03.01;филфак
22608;8287 - Физическая реабилитация;26\5354\1 ГБ очн Физическая реабилитация, ОтК;7.49.03.02;фк
22609;8199 - AI360: Математика машинного обучения;26\5356\1 ГБ очн AI360: Математика машинного обучения, ОсК;1.02.03.01;AI360
22610;8199 - AI360: Математика машинного обучения;26\5356\1 ГБ очн AI360: Математика машинного обучения, Б;1.02.03.01;AI360
22611;8287 - Физическая реабилитация;26\5354\1 ГБ очн Физическая реабилитация, ОсК;7.49.03.02;фк
22612;8297 - Декоративно-прикладное искусство (с дополнительной квалификацией «Педагог дополнительного образования»);26\5334\1 ГБ очн Декоративно-прикладное искусство, ОтК;8.54.03.02;фи
22613;8199 - AI360: Математика машинного обучения;26\5356\1 ГБ очн AI360: Математика машинного обучения, ОтК;1.02.03.01;AI360
22614;8262 - Итальянский язык, литература и перевод (с дополнительными квалификациями «Учитель иностранного языка и литературы» / «Специалист в области перевода»);26\5362\1 ИН ДОГ очн Итальянский язык, литература и перевод, ДОГ;7.45.03.01;филфак
22615;8267 - Языки и литературы Северной Европы (датский и нидерландский языки) (с дополнительными квалификациями «Учитель иностранного языка и литературы» / «Специалист в области перевода»);26\5363\1 ГБ очн Языки и литературы Северной Европы (датский и нидерландский языки), ОсК;7.45.03.01;филфак
22616;8267 - Языки и литературы Северной Европы (датский и нидерландский языки) (с дополнительными квалификациями «Учитель иностранного языка и литературы» / «Специалист в области перевода»);26\5363\1 ГБ очн Языки и литературы Северной Европы (датский и нидерландский языки), ОтК;7.45.03.01;филфак
22617;8260 - Венгерский и немецкий языки в австро-венгерском культурном пространстве (с дополнительными квалификациями «Учитель немецкого языка» / «Специалист в области перевода»);26\5364\1 ДОГ очн Венгерский и немецкий языки в австро-венгерском культурном пространстве, ДОГ;7.45.03.01;филфак
22618;8262 - Итальянский язык, литература и перевод (с дополнительными квалификациями «Учитель иностранного языка и литературы» / «Специалист в области перевода»);26\5362\1 ДОГ очн Итальянский язык, литература и перевод, ДОГ;7.45.03.01;филфак
22619;8260 - Венгерский и немецкий языки в австро-венгерском культурном пространстве (с дополнительными квалификациями «Учитель немецкого языка» / «Специалист в области перевода»);26\5364\1 ГБ очн Венгерский и немецкий языки в австро-венгерском культурном пространстве, Б;7.45.03.01;филфак
22620;8262 - Итальянский язык, литература и перевод (с дополнительными квалификациями «Учитель иностранного языка и литературы» / «Специалист в области перевода»);26\5362\1 ГБ очн Итальянский язык, литература и перевод, Б;7.45.03.01;филфак
22621;8267 - Языки и литературы Северной Европы (датский и нидерландский языки) (с дополнительными квалификациями «Учитель иностранного языка и литературы» / «Специалист в области перевода»);26\5363\1 ДОГ очн Языки и литературы Северной Европы (датский и нидерландский языки), ДОГ;7.45.03.01;филфак
22622;8267 - Языки и литературы Северной Европы (датский и нидерландский языки) (с дополнительными квалификациями «Учитель иностранного языка и литературы» / «Специалист в области перевода»);26\5363\1 ГБ очн Языки и литературы Северной Европы (датский и нидерландский языки), Б;7.45.03.01;филфак
22623;8260 - Венгерский и немецкий языки в австро-венгерском культурном пространстве (с дополнительными квалификациями «Учитель немецкого языка» / «Специалист в области перевода»);26\5364\1 ГБ очн Венгерский и немецкий языки в австро-венгерском культурном пространстве, ОсК;7.45.03.01;филфак
22625;8267 - Языки и литературы Северной Европы (датский и нидерландский языки) (с дополнительными квалификациями «Учитель иностранного языка и литературы» / «Специалист в области перевода»);26\5363\1 ИН ДОГ очн Языки и литературы Северной Европы (датский и нидерландский языки), ДОГ;7.45.03.01;филфак
22626;8260 - Венгерский и немецкий языки в австро-венгерском культурном пространстве (с дополнительными квалификациями «Учитель немецкого языка» / «Специалист в области перевода»);26\5364\1 ГБ очн Венгерский и немецкий языки в австро-венгерском культурном пространстве, ОтК;7.45.03.01;филфак
22627;8198 - Фундаментальная математика (с дополнительными квалификациями «Педагог дополнительного образования» / «Учитель математики»);26\5365\1 ГБ очн Фундаментальная математика, ОтК;1.01.05.01;мм
22628;8198 - Фундаментальная математика (с дополнительными квалификациями «Педагог дополнительного образования» / «Учитель математики»);26\5365\1 ГБ очн Фундаментальная математика, Б;1.01.05.01;мм
22629;8198 - Фундаментальная математика (с дополнительными квалификациями «Педагог дополнительного образования» / «Учитель математики»);26\5365\1 ГБ очн Фундаментальная математика, ОсК;1.01.05.01;мм
22630;8198 - Фундаментальная математика (с дополнительными квалификациями «Педагог дополнительного образования» / «Учитель математики»);26\5365\1 ДОГ очн Фундаментальная математика, ДОГ;1.01.05.01;мм
22631;8198 - Фундаментальная математика (с дополнительными квалификациями «Педагог дополнительного образования» / «Учитель математики»);26\5365\1 ИН ДОГ очн Фундаментальная математика, ДОГ;1.01.05.01;мм
22633;8285 - Христианская теология (с дополнительными квалификациями «Учитель духовно-нравственной культуры России» / «Учитель истории и обществознания»);26\5372\1 ГБ очн Христианская теология, ОсК;7.48.03.01;тео
22636;8257 - Организация туристской деятельности с лингвострановедческим профилем (с дополнительными квалификациями «Руководитель гостиничного комплекса и иных средств размещения»/ «Экскурсовод (гид)»);26\5374\1 ГБ очн Организация туристской деятельности с лингвострановедческим профилем, ОтК;5.43.03.02;иноз
22637;8257 - Организация туристской деятельности с лингвострановедческим профилем (с дополнительными квалификациями «Руководитель гостиничного комплекса и иных средств размещения»/ «Экскурсовод (гид)»);26\5374\1 ГБ очн Организация туристской деятельности с лингвострановедческим профилем, Б;5.43.03.02;иноз
22638;8284 - Иудейская теология (с дополнительными квалификациями «Педагог дополнительного образования» / «Учитель духовно-нравственной культуры России» / «Учитель истории и обществознания»);26\5371\1 ГБ очн Иудейская теология, ОтК;7.48.03.01;тео
22639;8209 - Фундаментальная и прикладная физика;26\5370\1 ГБ очн Фундаментальная и прикладная физика, ОсК;1.03.05.02;физфак
22640;8257 - Организация туристской деятельности с лингвострановедческим профилем (с дополнительными квалификациями «Руководитель гостиничного комплекса и иных средств размещения»/ «Экскурсовод (гид)»);26\5374\1 ДОГ очн Организация туристской деятельности с лингвострановедческим профилем, ДОГ;5.43.03.02;иноз
22641;8284 - Иудейская теология (с дополнительными квалификациями «Педагог дополнительного образования» / «Учитель духовно-нравственной культуры России» / «Учитель истории и обществознания»);26\5371\1 ГБ очн Иудейская теология, Б;7.48.03.01;тео
22642;8284 - Иудейская теология (с дополнительными квалификациями «Педагог дополнительного образования» / «Учитель духовно-нравственной культуры России» / «Учитель истории и обществознания»);26\5371\1 ГБ очн Иудейская теология, ОсК;7.48.03.01;тео
22643;8300 - Художник кино и телевидения (с дополнительными квалификациями «Учитель рисования» / «Педагог дополнительного образования»);26\5367\1 ГБ очн Художник кино и телевидения, Б;8.54.05.02;фи
22644;8283 - Религиоведение (с дополнительными квалификациями «Учитель обществознания» / «Учитель основ религиозных культур и светской этики» / «Педагог дополнительного образования» / «Экскурсовод (гид)»);26\5373\1 ДОГ очн Религиоведение, ДОГ;7.47.03.03;тео
22645;8246 - Социальная работа (с дополнительной квалификацией «Специалист по работе с семьей»);26\5347\1 ИН ДОГ очн Социальная работа, ДОГ;5.39.03.02;соцфак
22646;8209 - Фундаментальная и прикладная физика;26\5370\1 ИН ДОГ очн Фундаментальная и прикладная физика, ДОГ;1.03.05.02;физфак
22647;8197 - Механика и математическое моделирование (с дополнительной квалификацией «Специалист по научно-техническим разработкам»);26\5366\1 ГБ очн Механика и математическое моделирование, ОсК;1.01.05.01;мм
22649;8283 - Религиоведение (с дополнительными квалификациями «Учитель обществознания» / «Учитель основ религиозных культур и светской этики» / «Педагог дополнительного образования» / «Экскурсовод (гид)»);26\5373\1 ИН ДОГ очн Религиоведение, ДОГ;7.47.03.03;тео
22651;8209 - Фундаментальная и прикладная физика;26\5370\1 ДОГ очн Фундаментальная и прикладная физика, ДОГ;1.03.05.02;физфак
22653;8207 - Физика (с дополнительной квалификацией «Программист»);26\5350\1 ИН ДОГ очн Физика, ДОГ;1.03.03.02;физфак
22654;8257 - Организация туристской деятельности с лингвострановедческим профилем (с дополнительными квалификациями «Руководитель гостиничного комплекса и иных средств размещения»/ «Экскурсовод (гид)»);26\5374\1 ИН ДОГ очн Организация туристской деятельности с лингвострановедческим профилем, ДОГ;5.43.03.02;иноз
22655;8283 - Религиоведение (с дополнительными квалификациями «Учитель обществознания» / «Учитель основ религиозных культур и светской этики» / «Педагог дополнительного образования» / «Экскурсовод (гид)»);26\5373\1 ГБ очн Религиоведение, ОсК;7.47.03.03;тео
22656;8209 - Фундаментальная и прикладная физика;26\5370\1 ГБ очн Фундаментальная и прикладная физика, Б;1.03.05.02;физфак
22657;8223 - Нефтегазовая геология;26\5353\1 ДОГ очн Нефтегазовая геология, ДОГ;2.21.03.01;иноз
22658;8284 - Иудейская теология (с дополнительными квалификациями «Педагог дополнительного образования» / «Учитель духовно-нравственной культуры России» / «Учитель истории и обществознания»);26\5371\1 ДОГ очн Иудейская теология, ДОГ;7.48.03.01;тео
22659;8209 - Фундаментальная и прикладная физика;26\5370\1 ГБ очн Фундаментальная и прикладная физика, ОтК;1.03.05.02;физфак
22660;8300 - Художник кино и телевидения (с дополнительными квалификациями «Учитель рисования» / «Педагог дополнительного образования»);26\5367\1 ГБ очн Художник кино и телевидения, ОсК;8.54.05.02;фи
22662;8197 - Механика и математическое моделирование (с дополнительной квалификацией «Специалист по научно-техническим разработкам»);26\5366\1 ДОГ очн Механика и математическое моделирование, ДОГ;1.01.05.01;мм
22663;8278 - Перевод и переводоведение (английский язык и языки Южной Европы);26\5368\1 ДОГ очн Перевод и переводоведение (английский язык и языки Южной Европы), ДОГ;7.45.05.01;филфак
22665;8278 - Перевод и переводоведение (английский язык и языки Южной Европы);26\5368\1 ГБ очн Перевод и переводоведение (английский язык и языки Южной Европы), ОтК;7.45.05.01;филфак
22666;8283 - Религиоведение (с дополнительными квалификациями «Учитель обществознания» / «Учитель основ религиозных культур и светской этики» / «Педагог дополнительного образования» / «Экскурсовод (гид)»);26\5373\1 ГБ очн Религиоведение, ОтК;7.47.03.03;тео
22667;8197 - Механика и математическое моделирование (с дополнительной квалификацией «Специалист по научно-техническим разработкам»);26\5366\1 ГБ очн Механика и математическое моделирование, Б;1.01.05.01;мм
22668;8197 - Механика и математическое моделирование (с дополнительной квалификацией «Специалист по научно-техническим разработкам»);26\5366\1 ГБ очн Механика и математическое моделирование, ОтК;1.01.05.01;мм
22669;8278 - Перевод и переводоведение (английский язык и языки Южной Европы);26\5368\1 ГБ очн Перевод и переводоведение (английский язык и языки Южной Европы), ОсК;7.45.05.01;филфак
22670;8278 - Перевод и переводоведение (английский язык и языки Южной Европы);26\5368\1 ГБ очн Перевод и переводоведение (английский язык и языки Южной Европы), Б;7.45.05.01;филфак
22671;8284 - Иудейская теология (с дополнительными квалификациями «Педагог дополнительного образования» / «Учитель духовно-нравственной культуры России» / «Учитель истории и обществознания»);26\5371\1 ИН ДОГ очн Иудейская теология, ДОГ;7.48.03.01;тео
22673;8197 - Механика и математическое моделирование (с дополнительной квалификацией «Специалист по научно-техническим разработкам»);26\5366\1 ИН ДОГ очн Механика и математическое моделирование, ДОГ;1.01.05.01;мм
22674;8300 - Художник кино и телевидения (с дополнительными квалификациями «Учитель рисования» / «Педагог дополнительного образования»);26\5367\1 ДОГ очн Художник кино и телевидения, ДОГ;8.54.05.02;фи
22675;8285 - Христианская теология (с дополнительными квалификациями «Учитель духовно-нравственной культуры России» / «Учитель истории и обществознания»);26\5372\1 ДОГ очн Христианская теология, ДОГ;7.48.03.01;тео
22676;8257 - Организация туристской деятельности с лингвострановедческим профилем (с дополнительными квалификациями «Руководитель гостиничного комплекса и иных средств размещения»/ «Экскурсовод (гид)»);26\5374\1 ГБ очн Организация туристской деятельности с лингвострановедческим профилем, ОсК;5.43.03.02;иноз
22677;8285 - Христианская теология (с дополнительными квалификациями «Учитель духовно-нравственной культуры России» / «Учитель истории и обществознания»);26\5372\1 ИН ДОГ очн Христианская теология, ДОГ;7.48.03.01;тео
22679;8285 - Христианская теология (с дополнительными квалификациями «Учитель духовно-нравственной культуры России» / «Учитель истории и обществознания»);26\5372\1 ГБ очн Христианская теология, ОтК;7.48.03.01;тео
22680;8300 - Художник кино и телевидения (с дополнительными квалификациями «Учитель рисования» / «Педагог дополнительного образования»);26\5367\1 ГБ очн Художник кино и телевидения, ОтК;8.54.05.02;фи
22681;8285 - Христианская теология (с дополнительными квалификациями «Учитель духовно-нравственной культуры России» / «Учитель истории и обществознания»);26\5372\1 ГБ очн Христианская теология, Б;7.48.03.01;тео
22682;8283 - Религиоведение (с дополнительными квалификациями «Учитель обществознания» / «Учитель основ религиозных культур и светской этики» / «Педагог дополнительного образования» / «Экскурсовод (гид)»);26\5373\1 ГБ очн Религиоведение, Б;7.47.03.03;тео
23214;8234 - Международный бизнес в цифровой экономике;26\7800\1 Таш ИН ДОГ-УзБ очн Международный бизнес в цифровой экономике, ДОГ;5.38.03.01;экфак
23216;8234 - Международный бизнес в цифровой экономике;26\7800\1 Таш ИН ДОГ очн Международный бизнес в цифровой экономике, ДОГ;5.38.03.01;экфак
23219;8234 - Международный бизнес в цифровой экономике;26\7800\1 Таш ДОГ очн Международный бизнес в цифровой экономике, ДОГ;5.38.03.01;экфак
23222;8203 - Программирование и информационные технологии;26\7802\1 Таш ИН ДОГ-УзБ очн Программирование и информационные технологии, ДОГ;1.02.03.02;пмпу
23223;8203 - Программирование и информационные технологии;26\7802\1 Таш ИН ДОГ очн Программирование и информационные технологии, ДОГ;1.02.03.02;пмпу
23230;8203 - Программирование и информационные технологии;26\7802\1 Таш ДОГ очн Программирование и информационные технологии, ДОГ;1.02.03.02;пмпу
23587;8300 - Художник кино и телевидения (с дополнительными квалификациями «Учитель рисования» / «Педагог дополнительного образования»);26\5367\1 ИН ДОГ очн Художник кино и телевидения, ДОГ;8.54.05.02;фи
23588;8287 - Физическая реабилитация;26\5354\1 ДОГ очн Физическая реабилитация, ДОГ;7.49.03.02;фк
24049;8301 - Арабская филология (с дополнительной квалификацией «Специалист в области перевода»);26\5261\1 ДОГ очн Арабская филология, ДОГ;5.58.03.01;восток
24050;8301 - Арабская филология (с дополнительной квалификацией «Специалист в области перевода»);26\5261\1 ГБ очн Арабская филология, Б;5.58.03.01;восток
24051;8303 - Гебраистика (с дополнительной квалификацией «Специалист в области перевода»);26\5262\1 ГБ очн Гебраистика, Б;5.58.03.01;восток
24052;8301 - Арабская филология (с дополнительной квалификацией «Специалист в области перевода»);26\5261\1 ИН ДОГ очн Арабская филология, ДОГ;5.58.03.01;восток
24053;8303 - Гебраистика (с дополнительной квалификацией «Специалист в области перевода»);26\5262\1 ГБ очн Гебраистика, ОсК;5.58.03.01;восток
24054;8314 - Тюркская филология (с дополнительной квалификацией «Специалист в области перевода»);26\5265\1 ГБ очн Тюркская филология, Б;5.58.03.01;восток
24055;8306 - Иранская филология (с дополнительной квалификацией «Специалист в области перевода»);26\5263\1 ДОГ очн Иранская филология, ДОГ;5.58.03.01;восток
24056;8303 - Гебраистика (с дополнительной квалификацией «Специалист в области перевода»);26\5262\1 ДОГ очн Гебраистика, ДОГ;5.58.03.01;восток
24057;8303 - Гебраистика (с дополнительной квалификацией «Специалист в области перевода»);26\5262\1 ИН ДОГ очн Гебраистика, ДОГ;5.58.03.01;восток
24058;8306 - Иранская филология (с дополнительной квалификацией «Специалист в области перевода»);26\5263\1 ГБ очн Иранская филология, Б;5.58.03.01;восток
24059;8306 - Иранская филология (с дополнительной квалификацией «Специалист в области перевода»);26\5263\1 ИН ДОГ очн Иранская филология, ДОГ;5.58.03.01;восток
24060;8314 - Тюркская филология (с дополнительной квалификацией «Специалист в области перевода»);26\5265\1 ИН ДОГ очн Тюркская филология, ДОГ;5.58.03.01;восток
24061;8302 - Вьетнамская филология (с дополнительной квалификацией «Специалист в области перевода»);26\5288\1 ДОГ очн Вьетнамская филология, ДОГ;5.58.03.01;восток
24062;8309 - История Китая (с дополнительной квалификацией «Специалист в области перевода»);26\5270\1 ИН ДОГ очн История Китая, ДОГ;5.58.03.01;восток
24063;8305 - Индонезийско-малайская филология (с дополнительной квалификацией «Специалист в области перевода»);26\5268\1 ДОГ очн Индонезийско-малайская филология, ДОГ;5.58.03.01;восток
24064;8305 - Индонезийско-малайская филология (с дополнительной квалификацией «Специалист в области перевода»);26\5268\1 ИН ДОГ очн Индонезийско-малайская филология, ДОГ;5.58.03.01;восток
24065;8310 - История Кореи (с дополнительной квалификацией «Специалист в области перевода»);26\5271\1 ДОГ очн История Кореи, ДОГ;5.58.03.01;восток
24066;8310 - История Кореи (с дополнительной квалификацией «Специалист в области перевода»);26\5271\1 ГБ очн История Кореи, Б;5.58.03.01;восток
24067;8312 - История Японии (с дополнительной квалификацией «Специалист в области перевода»);26\5272\1 ДОГ очн История Японии, ДОГ;5.58.03.01;восток
24068;8314 - Тюркская филология (с дополнительной квалификацией «Специалист в области перевода»);26\5265\1 ДОГ очн Тюркская филология, ДОГ;5.58.03.01;восток
24069;8310 - История Кореи (с дополнительной квалификацией «Специалист в области перевода»);26\5271\1 ИН ДОГ очн История Кореи, ДОГ;5.58.03.01;восток
24070;8305 - Индонезийско-малайская филология (с дополнительной квалификацией «Специалист в области перевода»);26\5268\1 ГБ очн Индонезийско-малайская филология, ОсК;5.58.03.01;восток
24071;8309 - История Китая (с дополнительной квалификацией «Специалист в области перевода»);26\5270\1 ГБ очн История Китая, Б;5.58.03.01;восток
24072;8309 - История Китая (с дополнительной квалификацией «Специалист в области перевода»);26\5270\1 ДОГ очн История Китая, ДОГ;5.58.03.01;восток
24073;8302 - Вьетнамская филология (с дополнительной квалификацией «Специалист в области перевода»);26\5288\1 ГБ очн Вьетнамская филология, ОсК;5.58.03.01;восток
24074;8312 - История Японии (с дополнительной квалификацией «Специалист в области перевода»);26\5272\1 ГБ очн История Японии, Б;5.58.03.01;восток
24075;8312 - История Японии (с дополнительной квалификацией «Специалист в области перевода»);26\5272\1 ИН ДОГ очн История Японии, ДОГ;5.58.03.01;восток
24076;8302 - Вьетнамская филология (с дополнительной квалификацией «Специалист в области перевода»);26\5288\1 ГБ очн Вьетнамская филология, Б;5.58.03.01;восток
24077;8305 - Индонезийско-малайская филология (с дополнительной квалификацией «Специалист в области перевода»);26\5268\1 ГБ очн Индонезийско-малайская филология, Б;5.58.03.01;восток
24078;8307 - История Индии (с дополнительной квалификацией «Специалист в области перевода»);26\5320\1 ГБ очн История Индии, ОсК;5.58.03.01;восток
24079;8308 - История Кавказа (Азербайджан) (с дополнительной квалификацией «Специалист в области перевода»);26\5314\1 ГБ очн История Кавказа (Азербайджан), ОсК;5.58.03.01;восток
24080;8307 - История Индии (с дополнительной квалификацией «Специалист в области перевода»);26\5320\1 ДОГ очн История Индии, ДОГ;5.58.03.01;восток
24081;8311 - История Таиланда (с дополнительной квалификацией «Специалист в области перевода»);26\5328\1 ИН ДОГ очн История Таиланда, ДОГ;5.58.03.01;восток
24082;8313 - Тибетская филология (с дополнительной квалификацией «Специалист в области перевода»);26\5357\1 ГБ очн Тибетская филология, ОсК;5.58.03.01;восток
24083;8313 - Тибетская филология (с дополнительной квалификацией «Специалист в области перевода»);26\5357\1 ДОГ очн Тибетская филология, ДОГ;5.58.03.01;восток
24084;8302 - Вьетнамская филология (с дополнительной квалификацией «Специалист в области перевода»);26\5288\1 ИН ДОГ очн Вьетнамская филология, ДОГ;5.58.03.01;восток
24085;8307 - История Индии (с дополнительной квалификацией «Специалист в области перевода»);26\5320\1 ИН ДОГ очн История Индии, ДОГ;5.58.03.01;восток
24086;8307 - История Индии (с дополнительной квалификацией «Специалист в области перевода»);26\5320\1 ГБ очн История Индии, Б;5.58.03.01;восток
24087;8311 - История Таиланда (с дополнительной квалификацией «Специалист в области перевода»);26\5328\1 ГБ очн История Таиланда, Б;5.58.03.01;восток
24088;8313 - Тибетская филология (с дополнительной квалификацией «Специалист в области перевода»);26\5357\1 ГБ очн Тибетская филология, Б;5.58.03.01;восток
24089;8311 - История Таиланда (с дополнительной квалификацией «Специалист в области перевода»);26\5328\1 ДОГ очн История Таиланда, ДОГ;5.58.03.01;восток
24090;8308 - История Кавказа (Азербайджан) (с дополнительной квалификацией «Специалист в области перевода»);26\5314\1 ГБ очн История Кавказа (Азербайджан), Б;5.58.03.01;восток
24091;8308 - История Кавказа (Азербайджан) (с дополнительной квалификацией «Специалист в области перевода»);26\5314\1 ДОГ очн История Кавказа (Азербайджан), ДОГ;5.58.03.01;восток
24092;8308 - История Кавказа (Азербайджан) (с дополнительной квалификацией «Специалист в области перевода»);26\5314\1 ИН ДОГ очн История Кавказа (Азербайджан), ДОГ;5.58.03.01;восток
24093;8304 - Египтология (языки, история и культура Древнего Египта) (с дополнительной квалификацией «Специалист в области перевода»);26\5358\1 ГБ очн Египтология (языки, история и культура Древнего Египта), ОсК;5.58.03.01;восток
24094;8304 - Египтология (языки, история и культура Древнего Египта) (с дополнительной квалификацией «Специалист в области перевода»);26\5358\1 ДОГ очн Египтология (языки, история и культура Древнего Египта), ДОГ;5.58.03.01;восток
24095;8315 - Языки и культуры Западной Африки (хауса) (с дополнительной квалификацией «Специалист в области перевода»);26\5359\1 ГБ очн Языки и культуры Западной Африки (хауса), ОсК;5.58.03.01;восток
24096;8304 - Египтология (языки, история и культура Древнего Египта) (с дополнительной квалификацией «Специалист в области перевода»);26\5358\1 ГБ очн Египтология (языки, история и культура Древнего Египта), Б;5.58.03.01;восток
24097;8313 - Тибетская филология (с дополнительной квалификацией «Специалист в области перевода»);26\5357\1 ИН ДОГ очн Тибетская филология, ДОГ;5.58.03.01;восток
24098;8315 - Языки и культуры Западной Африки (хауса) (с дополнительной квалификацией «Специалист в области перевода»);26\5359\1 ДОГ очн Языки и культуры Западной Африки (хауса), ДОГ;5.58.03.01;восток
24099;8315 - Языки и культуры Западной Африки (хауса) (с дополнительной квалификацией «Специалист в области перевода»);26\5359\1 ГБ очн Языки и культуры Западной Африки (хауса), Б;5.58.03.01;восток
24100;8304 - Египтология (языки, история и культура Древнего Египта) (с дополнительной квалификацией «Специалист в области перевода»);26\5358\1 ИН ДОГ очн Египтология (языки, история и культура Древнего Египта), ДОГ;5.58.03.01;восток
24119;8308 - История Кавказа (Азербайджан) (с дополнительной квалификацией «Специалист в области перевода»);26\5314\1 ГБ очн История Кавказа (Азербайджан), ОтК;5.58.03.01;восток
24120;8307 - История Индии (с дополнительной квалификацией «Специалист в области перевода»);26\5320\1 ГБ очн История Индии, ОтК;5.58.03.01;восток
24121;8313 - Тибетская филология (с дополнительной квалификацией «Специалист в области перевода»);26\5357\1 ГБ очн Тибетская филология, ОтК;5.58.03.01;восток
24122;8305 - Индонезийско-малайская филология (с дополнительной квалификацией «Специалист в области перевода»);26\5268\1 ГБ очн Индонезийско-малайская филология, ОтК;5.58.03.01;восток
24123;8303 - Гебраистика (с дополнительной квалификацией «Специалист в области перевода»);26\5262\1 ГБ очн Гебраистика, ОтК;5.58.03.01;восток
24124;8315 - Языки и культуры Западной Африки (хауса) (с дополнительной квалификацией «Специалист в области перевода»);26\5359\1 ГБ очн Языки и культуры Западной Африки (хауса), ОтК;5.58.03.01;восток
24125;8302 - Вьетнамская филология (с дополнительной квалификацией «Специалист в области перевода»);26\5288\1 ГБ очн Вьетнамская филология, ОтК;5.58.03.01;восток
24126;8304 - Египтология (языки, история и культура Древнего Египта) (с дополнительной квалификацией «Специалист в области перевода»);26\5358\1 ГБ очн Египтология (языки, история и культура Древнего Египта), ОтК;5.58.03.01;восток
24127;8315 - Языки и культуры Западной Африки (хауса) (с дополнительной квалификацией «Специалист в области перевода»);26\5359\1 ИН ДОГ очн Языки и культуры Западной Африки (хауса), ДОГ;5.58.03.01;восток
151667;8264 - Немецкий язык, литература и перевод (с дополнительными квалификациями «Учитель немецкого языка и литературы» / «Специалист в области перевода»);26\5245\1 ГБ очн Немецкий язык, литература и перевод, ОтК;7.45.03.01;филфак
151668;8264 - Немецкий язык, литература и перевод (с дополнительными квалификациями «Учитель немецкого языка и литературы» / «Специалист в области перевода»);26\5245\1 ГБ очн Немецкий язык, литература и перевод, ОсК;7.45.03.01;филфак
165082;8193 - Математика (с дополнительной квалификацией «Специалист по научно-исследовательским разработкам»);26\5339\1 ГБ очн Математика, ЦК МОН РСО-А;1.01.03.01;М
165300;8196 - Современное программирование (с дополнительной квалификацией «Программист»);26\5340\1 ГБ очн Современное программирование, ЦК Севмаш;1.01.03.02;СП
165325;8201 - Науки о данных (с дополнительной квалификацией «Специалист по большим данным»);26\5341\1 ГБ очн Науки о данных, ЦК СТЦ;1.02.03.01;НОД
165466;8201 - Науки о данных (с дополнительной квалификацией «Специалист по большим данным»);26\5341\1 ГБ очн Науки о данных, ЦК Обуховский завод;1.02.03.01;НОД
165609;8205 - Инженерно-ориентированная физика;26\5112\1 ГБ очн Инженерно-ориентированная физика, ЦК ИФВЭ;1.03.03.01;физфак
165630;8205 - Инженерно-ориентированная физика;26\5112\1 ГБ очн Инженерно-ориентированная физика, ЦК Обуховский завод;1.03.03.01;физфак
165789;8206 - Прикладные физика и математика (с дополнительной квалификацией «Программист»);26\5348\1 ГБ очн Прикладные физика и математика, ЦК Севмаш;1.03.03.01;физфак
165846;8206 - Прикладные физика и математика (с дополнительной квалификацией «Программист»);26\5348\1 ГБ очн Прикладные физика и математика, ЦК ЦНИИ РТК;1.03.03.01;физфак
165894;8206 - Прикладные физика и математика (с дополнительной квалификацией «Программист»);26\5348\1 ГБ очн Прикладные физика и математика, ЦК ИФВЭ;1.03.03.01;физфак
165962;8210 - Химия (с дополнительными квалификациями «Специалист в области перевода научно-технической литературы» / «Учитель химии»);26\5325\1 ГБ очн Химия, ЦК Обуховский завод;1.04.03.01;химфак
166099;8210 - Химия (с дополнительными квалификациями «Специалист в области перевода научно-технической литературы» / «Учитель химии»);26\5325\1 ГБ очн Химия, ЦК Гимназия №2;1.04.03.01;химфак
166362;8212 - Геология;26\5018\1 ГБ очн Геология, ЦК Минприроды Алтай;1.05.03.01;иноз
166528;8213 - География (с дополнительной квалификацией «Учитель географии»);26\5236\1 ГБ очн География, ЦК КОбр Ломоносовского МР;1.05.03.02;иноз
166577;8213 - География (с дополнительной квалификацией «Учитель географии»);26\5236\1 ГБ очн География, ЦК Минприроды РФ;1.05.03.02;иноз
166681;8215 - Гидрометеорология;26\5021\1 ГБ очн Гидрометеорология, ЦК ГГИ;1.05.03.04;иноз
166891;8216 - Экология и природопользование;26\5024\1 ГБ очн Экология и природопользование, ЦК Минприроды РФ;1.05.03.06;иноз
167519;8217 - Биология (с дополнительной квалификацией «Учитель биологии»);26\5291\1 ГБ очн Биология, ЦК Минприроды РФ;1.06.03.01;биофак
167834;8217 - Биология (с дополнительной квалификацией «Учитель биологии»);26\5291\1 ГБ очн Биология, ЦК Центр гигиены СПб и ЛО;1.06.03.01;биофак
167841;8217 - Биология (с дополнительной квалификацией «Учитель биологии»);26\5291\1 ГБ очн Биология, ЦК Институт Пастера;1.06.03.01;биофак
167898;8219 - Почвоведение;26\5022\1 ГБ очн Почвоведение, ЦК ЭкоНиваАгро;1.06.03.02;иноз
167949;8224 - Кадастр недвижимости: оценка и информационное обеспечение (с дополнительной квалификацией «Специалист в области инженерно-геодезических изысканий для градостроительной деятельности»);26\5352\1 ГБ очн Кадастр недвижимости: оценка и информационное обеспечение, ЦК Роскадастр ЛО;2.21.03.02;иноз
168012;8225 - Прикладные компьютерные технологии и искусственный интеллект;26\5330\1 ГБ очн Прикладные компьютерные технологии и искусственный интеллект, ЦК НИИ МЭ;2.27.03.03;пмпу
168099;8231 - Психология;26\5028\1 ГБ очн Психология, ЦК УО Петропавловск-Камчатский;5.37.03.01;психфак
168157;8235 - Экономика;26\5068\1 ГБ очн Экономика, ЦК НПО Электромашина;5.38.03.01;экфак
168172;8235 - Экономика;26\5068\1 ГБ очн Экономика, ЦК УФНС СПб;5.38.03.01;экфак
168203;8239 - Менеджмент (с дополнительной квалификацией «Бизнес-аналитик»);26\5310\1 ГБ очн Менеджмент, ЦК УФНС СПб;5.38.03.02;вшм
168256;8241 - Государственное и муниципальное управление;26\5072\1 ГБ очн Государственное и муниципальное управление, ЦК УФК СПб;5.38.03.04;вшм
168277;8241 - Государственное и муниципальное управление;26\5072\1 ГБ очн Государственное и муниципальное управление, ЦК УФНС СПб;5.38.03.04;вшм
168296;8241 - Государственное и муниципальное управление;26\5072\1 ГБ очн Государственное и муниципальное управление, ЦК Федеральное казначейство;5.38.03.04;вшм
168622;8242 - Бизнес-информатика;26\5071\1 ГБ очн Бизнес-информатика, ЦК УФНС СПб;5.38.03.05;БИ
168707;8246 - Социальная работа (с дополнительной квалификацией «Специалист по работе с семьей»);26\5347\1 ГБ очн Социальная работа, ЦК ЦСР РК;5.39.03.02;соцфак
168751;8247 - Юриспруденция;26\5031\1 ГБ очн Юриспруденция, ЦК УФНС СПб;5.40.03.01;юрфак
168874;8247 - Юриспруденция;26\5031\1 ГБ очн Юриспруденция, ЦК Федеральное казначейство;5.40.03.01;юрфак
168926;8247 - Юриспруденция;26\5031\1 ГБ очн Юриспруденция, ЦК СПб городской суд;5.40.03.01;юрфак
169017;8247 - Юриспруденция;26\5031\1 ГБ очн Юриспруденция, ЦК ГУ ФССП СПб;5.40.03.01;юрфак
169253;8247 - Юриспруденция;26\5031\1 ГБ очн Юриспруденция, ЦК УФАС СПб;5.40.03.01;юрфак
169260;8247 - Юриспруденция;26\5031\1 ГБ очн Юриспруденция, ЦК УФНС ЛО;5.40.03.01;юрфак
169286;8247 - Юриспруденция;26\5031\1 ГБ очн Юриспруденция, ЦК Арбитражный суд СПб и ЛО;5.40.03.01;юрфак
169542;8247 - Юриспруденция;26\5031\1 ГБ очн Юриспруденция, ЦК Минюст РФ;5.40.03.01;юрфак
169591;8247 - Юриспруденция;26\5031\1 ГБ очн Юриспруденция, ЦК УФК СПб;5.40.03.01;юрфак
169647;8248 - Юриспруденция (с углубленным изучением китайского языка и права КНР) (с дополнительной квалификацией «Специалист в области перевода»);26\5290\1 ГБ очн Юриспруденция (с углубленным изучением китайского языка и права КНР), ЦК Арбитражный суд СПб и ЛО;5.40.03.01;юрфак
169826;8248 - Юриспруденция (с углубленным изучением китайского языка и права КНР) (с дополнительной квалификацией «Специалист в области перевода»);26\5290\1 ГБ очн Юриспруденция (с углубленным изучением китайского языка и права КНР), ЦК Минюст РФ;5.40.03.01;юрфак
169905;8248 - Юриспруденция (с углубленным изучением китайского языка и права КНР) (с дополнительной квалификацией «Специалист в области перевода»);26\5290\1 ГБ очн Юриспруденция (с углубленным изучением китайского языка и права КНР), ЦК УФНС НО;5.40.03.01;юрфак
170089;8249 - Юриспруденция (с углубленным изучением налогового права);26\5355\1 ГБ очн Юриспруденция (с углубленным изучением налогового права), ЦК УФНС СПб;5.40.03.01;юрфак
170141;8254 - Реклама и связи с общественностью (с дополнительной квалификацией «Специалист по продвижению и распространению продукции средств массовой информации»);26\5309\1 ГБ очн Реклама и связи с общественностью, ЦК УСП;5.42.03.01;журфак
170168;8265 - Отечественная филология (Русский язык и литература) (с дополнительной квалификацией «Учитель русского языка и литературы»);26\5246\1 ГБ очн Отечественная филология (Русский язык и литература), ЦК Лицей № 14;7.45.03.01;филфак
170179;8265 - Отечественная филология (Русский язык и литература) (с дополнительной квалификацией «Учитель русского языка и литературы»);26\5246\1 ГБ очн Отечественная филология (Русский язык и литература), ЦК Гимназия № 2;7.45.03.01;филфак
170421;8291 - Музеология и охрана объектов культурного и природного наследия (с дополнительной квалификацией «Экскурсовод (гид)»);26\5324\1 ГБ очн Музеология и охрана объектов культурного и природного наследия, ЦК Белозерский ОКМ;8.51.03.04;философ
170456;8298 - Реставрация произведений изобразительного и декоративно-прикладного искусства (с дополнительной квалификацией «Специалист по техническим процессам художественной деятельности»);26\5338\1 ГБ очн Реставрация произведений изобразительного и декоративно-прикладного искусства, ЦК Мордовский РМИИ;8.54.03.04;фи
170576;8226 - Лечебное дело;26\5058\1 ГБ очн Лечебное дело, ЦК Комздрав СПб;3.31.05.01;мед
170644;8226 - Лечебное дело;26\5058\1 ГБ очн Лечебное дело, ЦК Минздрав ЛНР;3.31.05.01;мед
170803;8228 - Стоматология;26\5059\1 ГБ очн Стоматология, ЦК Минздрав ЛНР;3.31.05.03;мед
170813;8228 - Стоматология;26\5059\1 ГБ очн Стоматология, ЦК Минздрав Карелии;3.31.05.03;мед
